batch_id,timing,did_terr_incl,did_terr_excl
1,strategic,3.466547619047631,-0.5417016806722472
3,strategic,-21.646013851376367,-21.894049447490076
6,regular,-23.84205178819336,-22.892525740636188
7,regular,13.275486104594883,14.403005183501811
9,regular,13.570992578849705,16.62919127086009
12,strategic,-8.078465096112161,-7.8103047406778
14,strategic,-12.608787735666873,-11.625884103641432
17,regular,9.068359834262523,5.939764204741834
19,strategic,9.83054100254099,3.9966515837104097
20,strategic,3.9569044786025955,-12.854458670260549
22,strategic,-17.44699322416711,-22.274531414531396
23,regular,-4.507521939645358,-10.287195260879479
25,regular,8.946677900818493,15.985003553660277
27,strategic,-7.177853245094596,-10.979563492063477
30,regular,12.532422003284054,3.485569001213669
33,strategic,-12.407571101667209,-9.819047619047609
34,regular,31.604299643462397,27.1145641857363
37,strategic,15.40819902478971,19.610511562133794
39,regular,-17.402719298245593,-5.891885964912277
40,strategic,-5.43554273679851,-8.530693987385163
43,strategic,-7.151274817136887,-2.2214018334606465
44,regular,7.073612479474548,3.98166891284815
47,strategic,3.1013553113553343,2.6172893772893886
49,late,10.579238201412139,16.00056797512177
51,strategic,2.594456222367171,-4.532906692495736
52,regular,2.7795578664402854,1.5912903225806332
56,strategic,-2.3902578067094353,-7.320881384812012
57,regular,-0.9216549354784576,-2.6330452488687826
59,strategic,4.27636722403021,0.2789097744360731
60,regular,2.4928290043290033,2.2159232072275685
61,late,18.820341016541008,8.470208920696876
65,strategic,-4.194444626513601,-5.0643056849953325
66,regular,7.624872065918574,8.287206959706978
69,late,-16.584393939393927,-14.971666666666671
74,late,19.394516594516617,22.785662972085397
76,strategic,-5.9440256608972675,-6.294077379237287
77,regular,-2.3202005012531473,-2.86102865860304
82,strategic,-12.082665003903585,-18.609333163330362
83,regular,-22.831642512077302,-19.78805276848754
84,strategic,34.626197562358286,36.96413627554617
87,regular,-2.737890192590555,-4.426415917843386
89,strategic,20.57655883155884,16.414365679104066
90,regular,46.70504590647451,46.70407925407929
91,late,-16.721302294197038,-19.09069213732004
92,regular,14.114092505093424,13.46381391539667
97,strategic,-3.044037954241851,-9.738757941179387
100,regular,1.083769158769158,4.365770203701253
103,strategic,-3.2866673224473715,-3.1271640316205307
104,strategic,-1.187416134144975,-1.4629904162923069
106,regular,22.89090367965367,24.34685606060605
109,regular,5.171825068055391,6.026833761187831
110,late,4.553856869573735,5.30682509134521
113,regular,2.5342826808501613,0.13893540669855042
114,strategic,7.385467205750253,8.64156184486373
115,strategic,-18.156688034188022,-18.74002136752135
116,regular,-24.699332570556805,-23.137722642383068
118,strategic,-29.03608886592611,-25.55308956916099
119,strategic,-17.9780729312763,-20.761481736307758
122,regular,-3.0807004429678813,0.09172936259145104
124,regular,-9.482799145299147,0.5147988505747136
127,strategic,0.9679985842250076,1.716098303075043
129,strategic,-7.092961323392359,-7.99224137931035
131,late,1.2436342342731237,8.91045349577957
132,regular,29.813141025641016,31.832783882783886
135,regular,16.06620807330117,13.03312717570413
138,strategic,-10.346202701712379,-8.873763934669064
139,regular,11.546989419960745,15.193859910581217
142,regular,-19.111191492396735,-32.695943673635576
144,strategic,-9.214545659019336,-10.671753056884633
145,regular,-2.1259590586718247,-2.645517765310892
146,late,10.351864239906668,18.343254614238205
148,regular,-7.569823409409672,-9.618645021645015
151,strategic,2.4743213177526897,-1.0840593277689976
152,strategic,-2.5673349471450777,-2.63724232876492
153,regular,-6.180344129554655,-7.203260796221322
154,strategic,-28.50763636363638,-30.287636363636373
155,regular,-2.8266666666666964,-10.268571428571427
156,regular,-11.7136952742216,-10.688695274221594
157,regular,-28.68327228327228,-24.220377448638345
160,regular,42.00703438814708,52.15841201052469
163,strategic,19.343886699507372,24.808188286808985
164,regular,-4.709511225208892,-6.857284145329679
173,regular,4.333191754962861,-1.1741800399089257
175,strategic,-3.559914692272912,-4.106929455287691
178,strategic,22.468831168831173,18.038467532467536
179,regular,-8.281396396396417,-18.421666666666695
180,late,-20.347777777777786,-19.91947008547009
181,strategic,-14.815699587823048,-15.782870544090052
184,strategic,19.543952062430314,19.284924284652526
187,regular,-9.904501133786859,-10.640585506930044
190,strategic,35.88012362637362,39.41268315018315
191,strategic,-0.9143278301886824,-2.777973484848509
193,regular,-16.78515548022296,-14.877361779670622
195,strategic,6.659584056294598,4.707846969372461
198,strategic,-7.279002115217125,-0.2451474334440249
201,strategic,5.900087912087926,8.043016351839896
202,regular,12.152843931260406,11.086432890134951
204,strategic,-21.206901100252026,-21.714145465082602
205,strategic,-3.0947120693894803,-3.7761559589311986
208,strategic,12.785092898313252,18.065695339350462
211,regular,-23.072578150439583,-23.84433658830065
214,strategic,1.1702158952158968,4.957297284047456
218,strategic,-6.132015669515681,-17.418496414186087
221,strategic,3.4119175242995965,-5.855500608642714
224,strategic,10.1017094017094,6.788616938616933
225,strategic,-15.90047008547009,-10.279747474747488
228,strategic,-38.21532467001199,-29.254158163265302
230,late,-10.970247188233856,-16.300833333333337
231,regular,4.977503541683589,5.481233439321706
234,strategic,16.73978723643394,20.346548171577226
236,strategic,15.848761555744602,6.07098774622078
239,regular,2.926758832565284,-2.9793107769423486
240,late,4.67394179894179,3.3936507936507923
245,regular,-12.38057322794166,-10.777685801041095
247,regular,-10.235707873573077,-14.351306168647412
249,strategic,-11.131141636141642,-12.389177350427353
250,regular,-8.051291473419148,-2.640084854477905
251,regular,7.733439041578563,10.823695286195289
252,regular,10.530945419103325,8.83486433802225
254,regular,-20.029048639512233,-19.479132310475578
257,regular,39.15607866149079,42.68536682615632
260,strategic,14.850226053639844,22.946096924510705
266,strategic,3.411947640231091,1.7378540831491094
267,regular,-19.22028985507248,-22.52812500000001
271,strategic,26.586303445180114,23.338394423558903
272,strategic,-7.44709394205443,-1.176492906105544
273,regular,-3.4969712057090803,-12.047050570788464
279,regular,-15.473425207328631,-21.112439838719958
281,regular,-15.312678812415655,-22.1598076923077
284,strategic,-4.037595834455516,-3.3305663745537117
287,strategic,27.673887163561083,23.541803830227742
288,regular,-8.321976232302326,-12.363720538720543
290,regular,9.346023273193111,-1.9367264314632848
291,late,26.883283564261824,23.124506212741508
293,strategic,4.363644240570821,8.14837229437228
294,strategic,11.587196484071484,7.886181661475803
295,regular,-5.879312015503871,-5.68454080648273
296,strategic,9.2581552813337,11.837180039787803
297,regular,5.399174194767497,-0.1223049998174659
300,strategic,-2.7348313768112362,-2.3349383188890513
301,strategic,2.6509105841138023,13.080989404352813
302,regular,3.6544019194258084,0.9409778456837046
303,regular,16.182787388050528,18.092669172932325
306,strategic,-15.726736154211238,-15.451311892740456
308,strategic,-12.758908375488993,-10.815598669623057
309,regular,10.176037735849057,11.892307692307696
310,regular,-2.671011396011373,3.6006552706552952
311,late,5.765250071405994,8.044073600817775
312,strategic,-25.300870196659666,-27.29110973915727
313,strategic,-7.605974395448079,-5.3076675069031936
314,regular,26.240441558441546,32.38993375046006
316,regular,-11.160061239573437,-12.43156843156843
319,strategic,15.411048076923073,7.401073717948719
325,strategic,-11.19599918599917,-12.145126846860336
328,strategic,-12.228440756351723,-17.85286961696479
331,regular,13.592177501870779,15.563844168537436
332,late,9.78282531194295,9.356603712191955
336,strategic,-3.7342604664638444,-5.1966655038083545
337,strategic,-11.636360901862332,-7.956876361655787
342,strategic,-5.843658008658004,-9.645468805704098
343,regular,-28.748291323843098,-26.178205853757625
346,regular,5.306759961357244,6.2982891372193635
347,late,-3.1235951599672163,-12.849184782608695
349,regular,21.926753246753243,19.49539442039442
350,regular,5.275576090576102,3.5223511705685695
354,regular,-14.236261777438244,-11.092530508706972
357,regular,-17.598233239839416,-20.40700536245363
358,regular,0.8907700354835555,-3.5428137651821956
361,strategic,-23.056950980169297,-10.567312661498718
366,strategic,1.4350384615384684,2.4511731385883806
367,regular,-0.7866839122936611,-5.352171717171721
369,regular,-3.826207157801072,8.988602150537638
371,strategic,18.94368116681548,15.237600459242245
374,regular,30.370156884459213,18.320077519379836
376,strategic,20.269292202419123,17.0617956725701
379,strategic,-8.18072274468824,-2.5729797979797766
382,strategic,10.93944730813287,19.500748895434448
383,strategic,9.996134004883999,3.3088324175824226
384,regular,6.794925014469591,9.180524984187237
385,strategic,10.446845003709413,8.087332444888673
386,strategic,-24.271147359103587,-34.3206656958602
387,strategic,2.5305362699535436,1.5665031091012054
388,strategic,14.305192392746562,13.910090090090101
390,strategic,9.904107142857114,10.320865384615374
392,regular,14.160721997300953,12.601941955953706
393,regular,12.680991687156066,20.469216282775612
395,strategic,-23.468399386005416,-29.436336705860896
396,regular,-6.937614165890025,-12.078823529411764
398,strategic,-16.82084165834165,-11.755981518481526
399,regular,13.944750000000006,13.449012820512841
402,strategic,-4.879601042533984,-3.226197292934579
403,strategic,28.516055439969556,24.445265754232246
411,strategic,14.42937169312168,11.407407407407405
413,strategic,15.164247192618532,4.505584415584394
416,strategic,-1.94115050988119,-6.049181442912101
418,late,-7.017880752606139,-11.189861173059768
419,regular,-6.375039313187969,1.9829495495235179
421,regular,36.72297586131669,35.40485500700878
422,late,-5.604432999432966,-8.688394038394001
425,strategic,28.051395808741248,27.931860706860704
427,strategic,9.920221524507248,15.663237797851387
428,regular,1.0934364960376755,1.5827504105090355
431,strategic,-6.608350965804384,4.65363574917145
433,regular,-8.410595238095254,-8.146666666666661
434,regular,10.415611390611389,8.766508573825654
435,strategic,-0.7315572608521421,0.32440090762552387
436,strategic,-8.948506585952707,-10.873810953752141
437,late,-6.601238133944918,-10.501934803671261
439,regular,-0.4179738562091515,0.14300878972277786
440,regular,3.8300366300366164,7.114871794871803
442,strategic,-31.824025747919414,-30.12975848730032
444,strategic,16.34198527921353,19.207470442410383
445,strategic,-23.967500648172155,-22.308848335572463
447,strategic,1.4411703933859457,5.58101988558154
448,strategic,-3.317412086036171,-10.457796322489386
449,regular,2.9503506279368494,2.238479556479561
450,regular,-2.514765751089783,-3.662024019418631
451,strategic,36.007962962962964,33.983850223850226
454,strategic,-19.246883757135436,-19.22079030725373
457,strategic,22.989793890320243,19.539122807017563
460,strategic,14.86754346466541,11.860452555574511
466,regular,-8.23056957092588,-10.126995188319235
468,strategic,-6.641567712384401,-5.166538326670874
470,strategic,-14.68536324786325,-21.71979797979799
474,regular,-1.5383094690912174,-11.190616391860338
479,regular,-1.6606090717792696,-6.280157301327506
480,regular,8.053502415458915,7.321886446886445
485,strategic,15.324904332904332,15.360695913304617
486,regular,29.234477041834374,33.410915538362346
487,regular,-5.447918552036207,-1.4724038461538598
489,strategic,-29.793884849906185,-34.95511227465534
491,strategic,7.636502408881448,9.279077412051556
492,regular,-8.23696741854635,-4.457692307692312
494,strategic,8.746451133612162,4.180443366869092
497,strategic,10.516960784313724,12.053802889576879
498,strategic,-5.506617647058825,12.73891806722689
499,regular,12.201393939393967,-2.022415584415583
500,regular,19.229265521905972,23.536649048625783
504,strategic,30.714435811599152,36.782614948050785
506,strategic,28.25683539574709,28.12819088217003
508,regular,5.657957746478871,10.143641826923073
509,strategic,6.037650793650769,1.3213293650793574
510,regular,-17.186971699611014,-22.207673453996996
512,strategic,18.58202336253651,27.30378531073447
517,strategic,5.991988782613788,1.8523073308270597
518,regular,-16.017820218996697,-6.352351190476178
520,strategic,-4.47808848362039,-2.400687830687822
521,strategic,-1.5202943298531437,-8.453210312338086
524,regular,5.032983047915586,4.720483047915579
536,regular,-11.509644835451283,-16.176242011956298
539,regular,-2.9190206284943088,-5.97928291316525
540,late,9.56401238790091,9.714872372372383
541,strategic,0.561381539002312,-6.1603898635477705
546,strategic,6.606749310693829,13.522550437178893
547,regular,-3.0798688473064075,-5.734342681271627
550,strategic,-5.259659945317857,-8.868672932330846
551,regular,-0.43556068929800773,0.04250118622866239
554,strategic,3.164179323501351,5.463596572918604
555,regular,22.468606060606064,25.32768939393938
556,late,23.15696572696875,18.692806122448985
558,late,-9.50118973905353,-14.994172932330834
561,strategic,4.28855586679115,5.5734719405003545
564,strategic,-2.321494252873549,-6.154827586206885
567,strategic,4.7668025282060285,9.957714195192956
568,regular,15.654035951948863,17.53210108604845
573,late,-5.390234093637446,-10.040304928989137
574,regular,-9.527346661116027,-9.614370804436554
577,strategic,-1.1516338867603224,-2.045136973180064
578,late,6.4220013173960595,-3.1772181079789803
580,strategic,1.1520540391508192,-2.3248558388915157
581,strategic,-6.3693692377274544,-6.4110817113003975
582,regular,8.351859649122808,6.65508413891871
584,strategic,12.334263705482186,14.863430372148876
585,regular,3.769074716438837,2.891657788539142
587,strategic,-32.20777777777777,-27.558571428571426
588,late,24.313764593712904,27.34269293924467
590,regular,-2.719827132327133,-1.1624804075235247
591,late,-1.2296389506916015,-5.2539422563813005
596,strategic,11.852849201116733,19.89033948860701
599,strategic,-8.58211560988029,-3.844760667903522
600,regular,1.2913392857142654,4.922075216450217
603,strategic,9.358472786811198,11.654778617287839
604,regular,3.1929788557213925,-2.2800537634408684
606,strategic,2.8650298603833306,7.689918625678111
608,regular,19.5707021114523,21.736515151515135
611,strategic,1.0201709401709422,-0.8448489010988922
612,regular,2.9787391939994876,5.007153321923944
614,strategic,19.730009124475814,23.382714752181457
615,regular,-11.852114001338236,-11.483102239290758
618,regular,36.95591269841269,35.03613247863248
623,regular,-0.08208754208754954,-2.6072458172458255
624,regular,-8.231236518507046,-13.07266213582006
626,strategic,23.48327315710295,16.791113172541742
627,regular,-21.23869391025643,-22.53762951334381
628,late,3.8747058823529414,3.2566850490196018
632,strategic,3.290817307692315,3.388553849902536
633,regular,-6.421832579185519,0.9504127966976412
635,regular,4.713947990543744,6.747072468405044
638,strategic,-5.665040112783188,-4.1530978916389145
639,regular,-36.516503496503496,-37.24545454545454
640,strategic,7.040162815551696,8.571069152923542
643,regular,11.212142857142851,9.36470588235295
646,regular,-4.339562959686802,-5.910697780936587
654,strategic,-28.820230161772237,-25.36005320662874
661,strategic,12.856104579202999,14.745938228791893
662,regular,-22.681702009249456,-35.17807064686339
664,strategic,0.8862498923249262,-3.5641740117280065
665,strategic,15.010807017543861,11.86686762360447
666,regular,-7.368697775263961,-8.990563166157159
668,strategic,9.05495951417003,4.126083916083914
669,regular,6.213140515673317,14.09590302170946
671,strategic,3.2528030303030278,-1.6140318627450938
672,regular,17.994393006875754,8.684012820512834
675,strategic,28.06392492764997,26.385026893251933
678,regular,8.53885281385282,10.482961482961493
679,late,9.497995687108578,17.523248880748866
681,regular,-3.5566723949262595,-2.64883175484335
682,regular,16.907919254658367,18.342794773564293
684,strategic,-16.709176620480967,-24.603319417574614
686,regular,13.936642200739954,13.610552631578926
689,late,25.53165561773727,37.07003783102142
691,strategic,9.36610809171195,9.149757014840624
692,regular,18.158498915695333,25.570004906980728
694,strategic,1.559970090426738,5.897930164044048
696,regular,-28.38568511876212,-19.12333000095181
700,regular,-7.643687437437421,-5.666924616924604
703,regular,10.522889088104087,16.14183133865528
708,strategic,-10.460717468805711,-8.194823232323238
709,regular,-4.120745685351572,-5.940169372775273
710,regular,14.66045437405733,13.141688034188043
711,regular,7.744475365903931,0.5119209039547954
713,strategic,-7.262674441786267,-9.552807017543849
714,regular,12.29378131232064,15.492853548458122
715,regular,14.540978835978834,14.194008420441335
717,strategic,13.85998677248677,11.62262403042834
724,late,-16.764761904761905,-16.95041218637992
726,strategic,-9.79570707070706,5.934421134421157
727,regular,-4.984631341868166,-8.99802983394315
730,regular,5.91560176665439,10.267890442890433
731,late,-6.71023713128978,-8.600671550671564
733,regular,4.992471465563732,5.240614242484092
736,regular,2.9740767973856066,-5.029583333333342
739,strategic,-1.3876660121018887,0.21489726339000725
740,regular,4.3597126831501924,2.510285825285841
743,regular,-6.266944088775084,-15.005606060606048
746,strategic,3.649482480239051,-1.0321790550647236
754,regular,11.40469639956411,12.184458304326007
755,late,-1.0135616360365347,0.6473185948436964
757,strategic,-9.06966149792239,-7.5045510215442945
759,regular,17.38577926421408,5.893315496098133
760,regular,-3.9459009038419026,-0.1355159972322042
765,regular,-13.235818467485139,-15.835692213953088
767,regular,6.90258799171842,5.611031746031742
770,strategic,9.827284364381157,13.88507936507937
773,regular,18.9304963054963,21.830282217782205
776,regular,10.563682644110266,11.169725276680545
777,regular,25.64611524822695,27.23162292358804
779,late,-3.5849526404715135,-1.1159401909566
782,regular,3.6810558891988947,-1.0274833218311628
783,late,-15.154637437246151,-15.15333628758868
784,strategic,6.759688109161793,4.338821548821542
785,regular,-7.772028542214848,-8.536803195558946
788,strategic,-3.3429328712223594,-4.834270590520596
790,regular,-12.71113237639554,-21.1562561094819
793,strategic,12.264761708811747,11.063672493216373
794,regular,13.206189154550586,15.419458089668609
797,strategic,0.318373389063062,0.8997411204307966
798,regular,14.498092966082929,10.446768862094835
801,strategic,4.648083778966132,-0.09804176215938298
802,regular,15.49611034798533,17.895833333333336
803,regular,-18.02206000643501,-16.326702863577864
807,regular,-2.644471153846162,-2.644471153846162
817,strategic,8.334588815789495,3.8057164951930247
818,regular,7.343069479748586,6.659462548806857
819,strategic,-14.851850616034845,-12.513668797853029
821,regular,4.960362902536211,5.437872634558445
824,regular,-24.400929967470773,-23.528778068736628
827,strategic,-28.690369168356995,-28.155489832007085
828,strategic,31.1139239766082,36.25765413533835
829,late,20.781363676929914,24.251031953902533
831,strategic,11.276715741521905,9.676206054247658
835,regular,23.121623115256845,21.19714972527473
837,strategic,17.415239448051928,9.489139292080445
841,strategic,-6.698667198400187,-1.9942900940230643
847,regular,-10.53264527629235,-9.177309593632188
851,late,1.8024474029824873,4.61802912572319
852,strategic,-2.5417661649885943,-2.686993437715863
853,regular,-5.885990712074303,-9.030241935483865
855,regular,-32.601416364362784,-33.82778716216217
858,strategic,-14.429759410760255,-15.923687293099064
862,strategic,12.778489010988991,10.612642857142852
866,regular,32.86645544857618,35.396780692425835
869,regular,6.484799094510478,16.16765395894427
872,strategic,-16.650400134348416,-15.105150105708255
875,strategic,4.555370370370355,9.474756335282628
883,regular,43.452501485442646,47.04114369501464
884,regular,17.191123882503184,13.714413507531937
886,strategic,-4.905426348723125,-1.679074255434898
890,strategic,-11.63566573008248,-14.024379493099637
892,strategic,27.847108691575386,25.206683430561895
893,regular,0.4930057065712248,-1.4495177673416322
895,strategic,-15.859523447566943,-8.753332151719256
897,late,21.040437237181422,25.753992300004775
898,regular,-12.864080409151839,-16.534596051494333
901,strategic,19.592290907508286,16.8979369261978
904,strategic,1.4322360523156732,0.16599225055877298
906,strategic,3.198856712690201,6.241884416195859
907,strategic,23.835294117647067,23.97738655462185
908,regular,30.08888196141207,28.354726107226092
912,regular,-7.3977839831261605,-2.3273230714887916
913,regular,8.420138888888879,-4.432815734989667
915,regular,-6.095235853286681,-6.785070014595874
916,late,19.35881830450252,14.513929989550682
918,regular,1.7711894694452823,-0.683177998472118
921,regular,-3.5081068187710542,-2.3629097744360905
923,strategic,-16.239555702917777,-16.144404363029608
926,strategic,-18.544741517862086,-17.33959031653648
928,late,3.1684496405849885,0.9825558635892904
929,regular,5.2128742365178695,6.238914952558588
934,strategic,-10.883799482121567,-7.902247727905639
937,strategic,36.12492929011916,37.73433018552005
938,regular,8.215028683574879,5.759426062091521
939,regular,9.611039263616213,8.738719361296333
942,regular,8.514637268847792,3.492106611099757
944,strategic,-1.17647198007473,1.2361192924722246
945,regular,-15.433131313131348,-15.82757575757578
946,regular,-12.005058661145611,-14.5471086303695
949,strategic,23.897544321816113,24.787509846043683
952,regular,-26.04052443035001,-20.702356902356904
954,strategic,-30.993076681635998,-36.38968710089399
957,strategic,7.691520358143244,7.7436318513948805
960,strategic,-32.14104189127179,-39.446235970819316
962,strategic,-7.116499999999988,-7.496962742175853
964,late,13.58437296037296,13.692143382854056
968,strategic,11.580877836939685,18.36199563142589
970,strategic,20.298734168363566,26.64431935817803
972,regular,-4.533079710144925,-5.449209770114955
975,strategic,10.568916281458662,14.848380952380936
976,regular,-15.291865459102304,-17.89715091110441
977,late,9.927754092326985,10.946237138885685
978,regular,17.425400641025625,18.74411764705882
983,regular,19.393684729064027,19.429749999999977
988,strategic,-11.62355603414644,-11.322442645074226
989,regular,15.7489251611591,7.898079152177523
991,strategic,-17.926403194506634,-14.565123432601865
992,late,1.3179790356393895,-5.266512192430774
994,strategic,21.386273241127995,22.001387947599646
996,strategic,-4.082081014223881,-0.10814393939394051
998,late,-1.7239141414141343,0.2807739463601493
999,strategic,7.18923696046712,11.557450140475986
1003,strategic,12.38558886357552,14.175426090226857
1004,regular,-23.837177489177478,-25.431792501284022
1007,late,1.4899637308504126,1.531043956043952
1010,strategic,45.3271216587392,49.6314049955397
1013,strategic,5.5912932989835085,8.053774928774907
1014,late,41.238578088578116,40.63822455322458
1017,regular,18.253102404841542,18.337512274959103
1022,strategic,-0.194470140589722,-1.9277743218324233
1023,strategic,-1.9756111970903518,0.8192612942612953
1024,regular,18.68850880302493,18.559865587167245
1025,late,13.39239421828291,5.355669072084062
1028,regular,8.063462332301356,3.033577336641855
1031,regular,-2.6530420547258515,-1.9031737867156266
1032,late,-8.862787618083686,-6.853998015872982
1033,strategic,-4.126520859127332,-4.534122740005067
1034,regular,17.314196428571414,22.989810167310154
1038,strategic,15.309035118628167,3.5996700392630885
1041,strategic,-17.079681173495892,-15.162837848455858
1042,strategic,3.2917340067340106,3.3509060846560885
1045,strategic,33.372544877383596,33.097099906151634
1048,strategic,-8.873428571428569,-11.523299677765834
1051,strategic,-17.771660739687036,0.5750268125268221
1052,strategic,8.61756513926327,2.967803234501339
1057,strategic,22.05616146152277,27.19085677749362
1061,regular,-16.600374396135265,-15.130466988727854
1062,regular,-10.118170426065163,6.8187343358395935
1064,strategic,-15.179543067226895,-17.490168067226897
1066,strategic,2.2130015744489526,3.5281386445096317
1067,regular,13.017653294194389,17.67605849838133
1072,strategic,-10.140714285714289,-14.782520927348521
1073,regular,4.199680975762924,1.6680465296347435
1075,strategic,-6.571044637455728,-8.137157033831265
1076,regular,-6.372670060564062,-11.70504168098082
1077,regular,3.7939004054531793,2.8544351326822124
1078,strategic,-3.929227053140089,-6.21834886128363
1080,regular,3.6756639304683745,3.340013495276665
1082,regular,12.728859649122803,8.117669172932317
1083,regular,5.625085440874884,0.6651564809459387
1084,late,-15.57312291312293,-13.45525855525856
1085,strategic,-9.396284433540828,-10.879009214557819
1086,regular,6.574272349272334,12.934230769230751
1091,regular,-17.140521567353595,-20.057540267951246
1093,regular,10.8931746031746,11.389645191409898
1095,strategic,16.83063404849117,16.577193877551018
1096,strategic,4.7145553239272004,-6.631388125916509
1098,regular,-0.05972266849458663,3.080374710407348
1101,regular,18.016995070842547,20.36413763786699
1102,late,-0.5016381068951361,-2.036794871794868
1103,regular,0.8144871794871946,-1.5664975845410396
1106,regular,-17.032115384615395,-8.783750000000012
1110,regular,-3.8327173765868636,-2.262547308559661
1112,regular,8.86410256410258,3.8398907103825053
1115,late,19.97780045489867,21.275916510063915
1117,strategic,-28.283637535354977,-35.42477864293661
1118,regular,18.319444444444436,29.281666666666652
1119,regular,17.95666986326659,9.39918194056127
1121,regular,-2.1704329004328997,-3.028311688311696
1122,regular,-40.42469113134873,-41.903992779544254
1123,strategic,23.390086668650504,23.650527105406738
1124,regular,9.882467532467516,9.670050125313253
1125,strategic,18.308977758138177,13.149743589743593
1126,regular,18.920456989247306,10.229756542909307
1127,late,16.37307256235831,20.242424242424256
1128,regular,5.069168085665183,4.067480573256994
1129,late,-2.554243268284928,-1.0404539154539592
1131,regular,11.671212121212108,11.062162162162146
1133,regular,-3.7954629106802997,2.055271199388848
1134,regular,-3.487745098039248,-5.500069886254131
1135,late,-1.388530116500057,5.4059584338901985
1136,strategic,-18.622544433989304,-15.433889150486372
1138,strategic,8.303950066045289,12.945194406895453
1143,strategic,19.230707421893847,15.037089794446445
1144,regular,0.5182239008700975,6.82380509745127
1149,regular,-24.35854330854331,-24.480046805046797
1150,regular,7.9799751190116694,9.175505308120805
1157,regular,-10.10961611016787,-0.560012935564707
1159,strategic,-9.371828836797874,-11.44024060150376
1161,strategic,7.204752737267739,7.211017485183518
1162,late,13.352259865070927,13.754819746788662
1164,strategic,-24.672618405303062,-27.52784285208915
1165,regular,10.821339330334808,5.226547619047615
1167,strategic,-2.1232336671452714,-7.8653378592494505
1168,strategic,-3.457150607266904,-2.2916484518857274
1170,strategic,-17.870153379703943,-12.31945893525949
1171,regular,-8.251744271445354,-13.36098340188014
1172,late,5.507161836111891,-8.26134306584889
1173,regular,3.7717207792207788,-4.810809190809188
1180,strategic,7.4594183154482465,7.5027041245791395
1183,strategic,40.68229102167182,32.087629033900036
1187,strategic,26.478260281385282,24.349639249639253
1190,strategic,22.80862334907934,17.77271143490656
1192,strategic,-19.149596212754112,-22.95402971029106
1194,regular,32.346902356902355,34.160626385809316
1195,regular,7.808303167420824,-1.1131684981684913
1197,regular,1.0514577928115187,5.991693086929153
1198,strategic,-32.60970312336233,-34.33610093154327
1200,regular,14.539450260978697,14.968198255903168
1201,late,22.16188669015994,17.880966904063676
1203,strategic,3.8811834853043194,6.573014725791381
1205,late,-5.45523802980702,-9.746465397500785
1206,strategic,-6.698268398268404,-17.87824175824177
1208,regular,9.857396848593424,11.035979851983882
1211,regular,-2.8745320725564127,-6.081035516238849
1214,strategic,-9.106312335958002,-11.907145669291332
1217,regular,12.008770736210032,8.334587088685453
1220,strategic,8.54077021822851,6.789734848484869
1225,strategic,-21.388473610507504,-23.770631844469065
1227,strategic,-11.568508815486155,-10.666150619345977
1228,strategic,-2.4480702329534196,-0.17849996582216932
1229,regular,28.6220553168636,22.27754761904764
1233,strategic,-10.243837312113165,-20.904038461538462
1238,regular,3.12509595959596,-0.7806746031746101
1240,regular,-10.753027778079073,-23.638944405031374
1241,regular,-5.587739603575599,-13.628168836510461
1244,strategic,-3.8121058750308094,-5.644216417910428
1245,strategic,3.6739241351357848,-3.2377279102384406
1247,strategic,-10.392297591805601,-13.567063986166715
1248,regular,-50.67841111147032,-53.66227164664665
1249,regular,0.7715255046371965,-0.8421016483516723
1250,strategic,32.2398745854063,31.04686058118901
1252,regular,23.09314731771473,25.895904209945307
1254,regular,-9.167358934169272,-1.7735690235690242
1261,regular,0.8577413720858118,2.163070829450156
1264,strategic,0.7749247577819034,-3.3265591369808263
1265,strategic,-15.671306867735467,-24.08586384204034
1266,regular,-13.474335885723043,-13.379402938785084
1272,late,-1.4297199975165995,-3.9720234720234657
1274,strategic,-36.078520092514594,-34.18415453355357
1275,regular,-1.2900311962134268,-4.9839042029137275
1277,strategic,13.306312597581083,10.486589476522731
1278,late,-23.403528401051148,-25.54065099345921
1282,strategic,19.303494451557853,19.904821178120613
1283,regular,-2.65300677818297,-9.096924992219108
1284,regular,-17.76088026382547,-17.34714743589742
1286,strategic,-32.02313110677772,-28.509795016704018
1290,strategic,9.52427045177047,5.327353512326923
1294,regular,-12.005912166334987,-15.742588923540048
1298,strategic,8.429608748521161,2.4622425997425808
1299,regular,9.121065930149683,7.256378787878802
1300,strategic,0.15487599098255345,1.9020639143918174
1301,regular,11.544178063966783,7.486513746914419
1307,regular,16.958947368421043,25.801578947368423
1308,late,9.655091575091568,18.787039627039626
1309,strategic,16.871340579710157,14.53512820512821
1311,strategic,-26.987437440373228,-23.50914959981459
1312,regular,27.752815401652597,25.882251082251067
1314,regular,14.382680011120385,14.008331771321458
1315,regular,12.860130495120437,12.542108753105772
1317,strategic,-12.338199238317479,-7.805392220773584
1318,regular,-23.23513211280304,-26.13166895604395
1321,regular,-4.4348227561851985,-3.044883461608812
1326,regular,-28.04936537506211,-25.700909090909107
1327,regular,-18.598459162485973,-13.1765037593985
1328,strategic,-6.630716297786719,-3.4242261904761833
1331,strategic,-1.6546825396825184,3.4049007936507962
1333,late,14.07804131054128,15.362115384615393
1334,strategic,-9.03961974058842,-8.034051724137939
1335,strategic,4.119592340080693,-8.513299963924972
1338,strategic,-11.105923776588178,-8.509848484848476
1339,regular,-18.227384096244123,-18.731184012066386
1341,strategic,-21.06205204569867,-24.010248533596155
1342,regular,-0.8162782625011786,1.9944690227985404
1348,strategic,-5.743326007325997,-1.89277574277574
1351,regular,1.107372303153241,10.642145030425972
1353,regular,-0.22669401755896246,0.25191569314377915
1357,strategic,-34.567977795861424,-26.30379161770466
1358,regular,34.38495967741936,33.11857142857141
1360,regular,10.553700189753336,8.310411707204885
1369,regular,-22.17391414141415,-14.463333333333338
1372,strategic,-13.127296918767506,-14.965575307045889
1375,strategic,23.14083883214318,22.47314706826903
1376,regular,-6.5854696327683655,-4.340507092198585
1377,late,-4.375156148704548,-1.19136385916876
1378,regular,-12.297977879094901,-9.424140211640214
1381,regular,-12.622410922410928,-18.469004329004314
1383,strategic,-15.06750704204471,-16.283023618538323
1384,regular,25.701738721804496,29.831684981684973
1386,strategic,-2.375210452073823,3.317082613365713
1389,strategic,5.3407917431095555,1.4823662721840734
1390,strategic,0.6803837555886716,2.5500266127315143
1392,strategic,-4.007130913316843,-5.058150842565141
1393,strategic,12.757562260536396,11.363291808765958
1395,strategic,-3.666890341321725,-13.242031991744085
1399,late,-8.962630718954259,2.648128654970755
1404,strategic,15.505718352944733,12.201794340924756
1405,regular,22.263079365079363,24.47994047619048
1407,strategic,2.844362631416189,-0.4023256802721136
1410,regular,19.30094549499443,19.326252443792768
1412,strategic,-17.715058371112583,-17.632969076098398
1415,regular,13.915155215155224,12.130464109533868
1416,regular,-22.565367965367955,-17.33903743315507
1417,regular,21.519039241988906,19.280774462392863
1420,regular,1.5656900015075763,3.8389965297859874
1421,regular,10.43133243615867,15.480623216300508
1424,strategic,-10.082604216483354,-13.555510670731714
1427,strategic,-2.9444586665177184,3.0558901728222807
1428,regular,-32.07437554896792,-30.099071221037814
1430,strategic,4.516666666666659,9.761785714285715
1431,regular,17.466922196796318,16.215497076023368
1433,strategic,18.040168067226887,27.556356209150316
1436,late,-7.109500466853447,-11.07354087089383
1439,strategic,14.685854260940133,15.145513196480941
1441,strategic,-3.557420634920632,-9.046685340802995
1444,strategic,8.575672198172192,7.642474192474197
1445,regular,-7.5518518518518505,-5.801666666666662
1446,regular,-17.10231015531305,-18.9804235664525
1449,strategic,22.27263677352019,23.722284828543827
1452,strategic,-4.652633096716976,-14.295172779256646
1455,strategic,39.32443843808932,39.33343739715507
1456,regular,-11.984364971399529,-12.225101670297747
1458,regular,5.683190476190454,6.3819047619047495
1460,strategic,0.03125528800527633,8.792311188626385
1461,regular,16.408310971973748,22.964463562753018
1464,regular,20.39358974358973,11.59682539682538
1466,strategic,5.43444822872226,7.477714592206013
1467,regular,7.929174278407004,16.790873642139793
1468,late,2.7592619944904584,-2.257092402336454
1470,strategic,9.880900349650346,8.459356060606048
1471,regular,1.194695024077042,-0.42468788249694
1474,late,-3.4738914490527293,-5.993315535214855
1478,regular,9.85093406593407,3.7200466200466025
1481,late,7.002834213106603,17.720410256410254
1483,regular,9.497172638424367,-3.670140123034841
1485,strategic,4.4473019922200265,4.535610493637314
1489,strategic,1.1569874631268107,-4.578930286569054
1490,regular,-23.318399927020614,-24.203850223850203
1491,regular,-5.388439302854351,-4.034314618379234
1494,strategic,20.537817638781576,22.720132199221148
1497,strategic,-0.5623040752351258,1.038311688311694
1499,strategic,-13.068526570048313,-9.514714890843926
1505,strategic,-9.125437716388404,-7.564468431846464
1506,regular,-1.0670827557767097,2.958335955632606
1510,strategic,-1.123087797910209,-3.4029189865718408
1511,late,0.2843298349322154,4.08118944118943
1513,regular,-5.81828122857533,-1.0876789876789772
1516,strategic,-9.45249838321925,-5.538124891887229
1517,regular,0.38420861678005025,-5.897700258397926
1519,strategic,6.675025641025627,5.115794197031036
1522,strategic,6.923130559324598,6.2884111429385285
1523,regular,-2.4753646300677232,-3.9514961984426265
1528,regular,-9.397085121869758,-0.672884342142666
1529,regular,-12.713685538183277,-11.165419254658381
1530,strategic,27.304286556355528,23.549698238269663
1533,strategic,8.146693693693699,6.429666666666684
1536,strategic,-15.366834307696926,-12.467216687422159
1537,regular,31.98266683316684,23.416500166500157
1540,strategic,27.42061988067548,24.233597262952095
1541,strategic,3.7809018759018755,3.473161635661633
1542,regular,9.678807814991998,12.083923751686903
1548,regular,7.012208575737986,1.1540293040293008
1549,regular,16.821301320528214,19.757023516383303
1550,regular,-10.326291747468225,-11.93728109145757
1553,strategic,-18.748030169344638,-20.028145284459725
1554,strategic,-10.874854693403087,-7.249377124377112
1556,strategic,-11.476628001627994,-8.268227118081484
1557,late,15.412784995916788,15.842485411140565
1559,strategic,-8.277471647644056,-9.788367467551652
1564,late,10.84849142085983,10.521506421506416
1566,regular,-2.510258926387891,-10.450654761904765
1568,strategic,2.265632750707937,3.359129389129393
1569,strategic,-8.406012370062655,-9.258385143078236
1572,strategic,-27.16664003759398,-26.089110275689208
1573,strategic,3.875153609831024,5.471168102584656
1574,regular,-9.672144979203807,-6.572691197691206
1578,strategic,4.320135281385269,3.348392857142848
1579,regular,6.2186326686797955,5.387437842044335
1581,strategic,1.1076364638585403,3.974669073689853
1584,regular,-26.90068605972089,-25.07685708898945
1585,regular,-4.632257433489826,-3.6829156327543444
1587,strategic,-20.4256493506493,-15.589953886692982
1588,regular,0.8234947781889375,2.112040073853521
1589,regular,-2.4906250000000085,-2.1123468485537487
1592,strategic,-16.180734590486914,-19.707481699586964
1595,strategic,8.656807692307673,9.71480769230768
1596,regular,23.383579136597405,23.599044589571427
1598,regular,-9.704152697476744,0.18663576406171956
1600,strategic,11.10794242015293,9.560994349086208
1603,strategic,0.7268931068931082,3.3249129875216923
1604,regular,17.574580677359243,15.938061571430154
1606,strategic,4.384915824915836,5.708148148148133
1613,regular,-13.714242424242428,-19.562099567099573
1616,regular,-13.587164983870785,-14.092310030395126
1618,late,0.16618192124884956,0.00833333333333286
1619,strategic,-12.203261730658987,-11.14978233277661
1623,strategic,15.102342657342675,17.565460972850694
1624,regular,35.0564393939394,34.357498971616614
1625,late,-37.07611111111111,-36.62510256410256
1626,regular,-8.896688798093287,-10.193854591517955
1628,strategic,-14.631666666666682,-14.621427525086048
1629,regular,-24.410069444444435,-21.057729542966616
1631,strategic,2.638110101903216,-13.658435905310888
1636,strategic,15.053058399933384,12.023329081632646
1637,regular,-14.930372107567237,-18.424619047619046
1639,strategic,2.6085374035825737,8.424174729219914
1640,regular,-2.722649859943985,-14.024453781512598
1641,strategic,2.639758508097195,2.598853632949698
1642,regular,10.481912962921598,10.842976072197409
1644,strategic,-9.7953197945845,-8.378268588136997
1645,regular,32.301628371628375,29.971170496170494
1647,regular,19.68387421718066,15.939559829059831
1650,strategic,7.7599346792859905,10.055770021493295
1655,strategic,9.784048510634456,8.450411010088423
1656,regular,-11.20245303366697,-12.58738409298681
1657,late,15.66276485338669,17.644772519459366
1660,regular,-10.3539411976912,-11.769539937186998
1665,strategic,42.63281988714351,40.465143119466745
1666,regular,-8.794188704023405,-9.274722461046515
1668,strategic,13.762703252032537,13.51134605297667
1672,regular,-25.21528579260203,-21.255417700579024
1675,strategic,10.426723113487846,9.469777484994886
1676,regular,-0.18983234048931052,-0.4864458874458748
1680,regular,2.6086311933680335,-3.0882051282051464
1681,regular,-3.9238320387256493,-0.6445885399076943
1682,late,6.163225180270821,5.567974021592448
1683,strategic,15.935605903804472,13.753503631077201
1686,regular,-11.234848484848484,-16.083333333333346
1689,strategic,9.141702534672405,11.733225404732252
1690,strategic,-16.682319311123635,-15.448307075438208
1691,regular,3.3225860029579763,6.191463935125924
1692,late,3.0372951609793546,4.280307692307666
1693,strategic,-7.374007160209693,-5.854306220095687
1694,regular,-35.04210724263916,-31.137076648841344
1695,regular,4.70740008783487,6.387198067632838
1697,regular,10.001502348212874,5.8371625213730525
1700,regular,-10.386666666666663,-20.075037111618826
1703,strategic,14.716313783897519,12.75443948066453
1704,regular,1.7806466906011238,-1.5595098039215642
1705,late,1.3523738911690444,2.3074851977291004
1706,strategic,-1.0828938107542783,-5.607500164143239
1707,regular,-5.6569234353717235,-3.2828143360752193
1710,strategic,23.806059558990675,22.039577940628497
1711,regular,47.02260195944408,44.817027580262895
1715,strategic,19.415670964026212,19.095758228400577
1716,strategic,-4.322333653983513,-5.288035537673089
1721,strategic,10.96151645867748,13.218522655848247
1725,strategic,-4.665551857585143,-3.0208676470588074
1726,regular,7.3823815483640445,-3.946126050420162
1730,strategic,1.591313559322046,-4.245543933467644
1731,regular,-3.123757093081153,-8.212868546283111
1733,strategic,4.7741008118107615,5.736455855141408
1734,regular,6.7280938416422345,4.955209829103033
1737,strategic,-21.809684080625246,-15.536982582634764
1738,regular,-15.651077175697864,-12.852371998372
1740,strategic,4.932334555786838,-8.170637647185359
1746,regular,-4.992983065566655,-0.8759991496598616
1749,regular,28.280987654320967,15.48366666666665
1751,regular,-22.45036905159303,-21.680672081896063
1753,late,15.781182029246544,16.232577220077218
1755,late,-2.86930317744271,-4.901382292047224
1759,regular,-20.2199117534036,-21.127929292929288
1767,strategic,-20.867199428454803,-18.827095908786063
1768,strategic,25.56763973615039,19.235799755799754
1771,strategic,-30.722674404139923,-28.46277651217683
1772,regular,14.276512581673082,17.666412485510833
1775,regular,-21.355813507835563,-15.576821911196909
1777,strategic,30.352133594251995,29.32098023860079
1778,regular,2.5504233870967923,3.101645309828136
1779,regular,21.603249235473996,18.699332798287827
1782,regular,27.055561545372846,26.676799795186874
1784,strategic,7.4059892066318085,-4.872193675889328
1788,strategic,-6.717630785250627,-8.524730001181617
1789,regular,15.123399631190722,11.754911868952952
1791,strategic,5.839207789804355,8.37356609720473
1798,strategic,5.128633879781418,2.7823809523809473
1800,late,12.41709418673296,10.569801276007361
1801,strategic,2.968886065625192,-4.243253968253974
1802,late,20.08857142857145,24.825112930547732
1805,regular,8.219212676133552,8.345234825172582
1808,regular,-56.159130434782625,-50.92933876811595
1811,strategic,14.168260457400145,16.32746482707379
1814,strategic,-8.373768809849516,-7.661219453298557
1817,regular,-20.594408277144844,-15.531752305665343
1818,regular,-11.305035143502643,-13.680006166394548
1820,strategic,2.507536258679494,6.062385469092767
1822,strategic,12.733258621174222,10.266904761904776
1823,strategic,0.17037544374131386,3.3115610977933443
1826,regular,3.1118610536001796,4.7709491332764955
1828,strategic,11.130017604286259,7.867258416311039
1830,regular,38.22506286266925,32.72881868131868
1833,regular,16.774350503835187,19.96399791293978
1834,late,-22.387284663865543,-21.91729166666667
1840,strategic,-11.891956823133299,-11.474260815437297
1841,regular,-1.5318004588848027,-4.344080883935945
1849,regular,-19.532497776421344,-21.239982302533534
1850,late,21.547317251853833,16.181937700033103
1855,regular,11.821809803100123,7.80142857142857
1858,strategic,-27.35875336300527,-23.73640920716111
1860,late,9.695749319823626,5.289174242424259
1861,regular,-46.88162647999309,-37.16784693308659
1862,regular,8.720833333333331,12.225757575757576
1864,strategic,0.25746924680389327,-0.8165391793723273
1865,regular,-9.999021312522821,-8.905019762845853
1872,strategic,-3.062754762340255,-4.598731373889251
1873,strategic,-5.739484126984131,-12.287609427609425
1874,regular,7.830569226772177,3.985002923554653
1876,regular,7.257740305671348,3.4878917378917293
1877,late,10.765678963893244,19.86343901385918
1878,regular,18.653454425983284,14.384748427672946
1882,strategic,4.297231153330877,-1.158035587327639
1883,strategic,-7.001149318249766,-11.43363477397051
1884,regular,7.596886792452821,2.4382081097197315
1886,regular,11.313493387714736,18.17497318703078
1889,strategic,-5.551891025173134,-2.8936284509724004
1892,strategic,7.3543954943679495,7.525885290286325
1895,regular,-3.9730425808767293,-6.060906307991139
1898,strategic,1.8518214738802996,1.688456372232963
1901,strategic,28.770128056270714,29.208335941575367
1905,strategic,12.369302059496562,12.657421717616238
1906,regular,3.567374438546352,3.687851856285043
1908,strategic,7.137105093488067,5.189673576940656
1909,regular,11.331411357844921,11.387333333333345
1910,late,-6.849120934959338,-12.811472555256493
1911,regular,49.49383807440698,56.499296733395084
1917,strategic,-19.329032863145244,-19.997987466725817
1918,regular,-3.9764255447941963,-10.006062641568391
1925,strategic,-8.803751778093883,-10.284800187888422
1928,strategic,38.594375265810946,32.295533911087254
1931,strategic,-1.7159776669042586,-9.149420289855065
1933,regular,1.3110760698996344,-5.422202797202793
1935,strategic,-5.155939849624062,-0.8026397388820925
1939,strategic,-5.486200099552022,-1.4651453890430233
1940,strategic,-13.301486013986015,-14.1830305745628
1942,strategic,-7.345480775108506,-14.812305764411029
1943,regular,-3.958995574680678,-0.8319517621437313
1945,regular,11.766378727186677,7.712832433976949
1948,regular,-20.64109996085547,-26.2953947368421
1950,strategic,11.51380117490082,7.588105663721436
1954,strategic,24.86202058579717,33.59499677627338
1957,regular,-27.827134084167575,-27.08705888240675
1960,strategic,15.596538162177453,14.232617679255604
1963,strategic,-35.326851851851856,-30.473518518518528
1966,strategic,6.631358542303097,8.461284021101811
1967,strategic,-5.958156772113689,-4.656053094354974
1969,regular,0.33809803921570847,5.208624422742076
1970,regular,-5.02660098522167,-8.288216230230745
1972,strategic,8.630669175230324,14.52996007787278
1975,strategic,26.58246977739833,21.563006993007008
1976,regular,-38.38318869885134,-40.060440674349145
1978,strategic,-21.36944687334391,-26.522682167461582
1979,regular,57.266849816849806,58.1063988095238
1980,strategic,-3.6501611822506206,-0.5057913160971523
1981,strategic,-24.005140388069215,-22.34686410878765
1985,strategic,0.1765235908617484,-0.6927539567770253
1988,strategic,-2.0789965320944717,-7.206071519795628
1991,strategic,5.384421468306314,8.366354907024416
1994,strategic,3.392034052903604,2.581099456099473
1995,regular,-7.968479916006956,-1.8670032061473592
1998,regular,-6.417380952380945,-3.4104901960784275
2000,strategic,8.706286482334875,13.389165270213667
2001,regular,11.254500000000014,2.556735294117658
2002,regular,-7.884047619047621,-8.114331550802142
2005,strategic,-23.476513978575845,-19.034947380296245
2006,strategic,-2.9757743097238816,-4.490364795580653
2007,strategic,2.033531424715619,2.61338265148504
2008,regular,3.1974032777748533,10.346313997110634
2010,regular,12.18754515599342,3.4583333333333144
2013,strategic,-35.7654567970729,-42.68336945304437
2014,strategic,13.799270505323136,9.97612297841804
2015,strategic,6.440933049377271,-2.4759811009959876
2019,strategic,4.2431318681318615,2.5826097105508765
2022,regular,2.5886591880341783,0.609899376417232
2025,strategic,13.522943173873962,8.681585518371556
2026,regular,7.9946392700206275,16.10663480003339
2027,regular,10.129276315789454,8.404057017543842
2028,late,22.554411186803854,24.102737680191872
2029,strategic,21.830444854475893,20.080427273603874
2032,regular,13.483624245794594,15.839235764235745
2033,regular,16.44474329159214,17.360198841698853
2035,regular,-48.20385488689713,-48.32386152964572
2037,regular,4.770029461279464,3.96417784163474
2038,regular,23.53804713804714,19.72200386215092
2039,regular,-5.620166500166505,9.708166833166821
2041,strategic,10.23532244716069,13.046214440387601
2043,strategic,4.208349262240112,-6.748396654158853
2044,strategic,3.484814149027308,3.2637470798596198
2046,strategic,3.453514492753598,27.859004688832044
2047,strategic,-12.860196078431358,-9.480219780219755
2049,regular,35.99239811912228,37.92458521870289
2050,strategic,-5.580650634522833,-5.299341110713293
2053,strategic,-13.04902686233055,-8.678457495850992
2056,strategic,1.604648641588284,0.4903505132460495
2060,regular,-7.175878400680027,-6.388572171669061
2061,regular,13.541987719087274,6.585252344180901
2063,strategic,-12.287133923336789,-11.77810884353741
2064,late,0.5504612039094567,-3.116499065955594
2066,strategic,-10.363501664675837,-12.438556026184074
2067,regular,1.6218198851177448,0.4710621293599928
2068,regular,5.614792626728089,10.532515723270436
2073,strategic,-22.621983545128714,-18.019189814814823
2074,regular,-22.2811111111111,2.085372405372407
