factor,split,bin,minute_mid,n,mean,se
__all__,all,0,45.0,253,-0.07158474743554447,0.03739269671483707
__all__,all,1,59.0,277,-0.039247864878996806,0.04228033225440422
__all__,all,2,65.0,266,0.014319788248778576,0.04116359319245955
__all__,all,3,69.0,206,0.05509166778179228,0.05216145080256857
__all__,all,4,74.0,290,0.014849068178039842,0.041392226004334724
__all__,all,5,78.0,198,0.04807284173646106,0.0549172281940845
pre_btw_Z,high,0,45.0,123,-0.09144021893378004,0.047764624871624334
pre_btw_Z,high,1,59.0,156,-0.08470081026854547,0.04939010749709326
pre_btw_Z,high,2,65.0,117,-0.17328368400560198,0.04921186886901314
pre_btw_Z,high,3,69.0,96,-0.03352976644328518,0.06311010498405449
pre_btw_Z,high,4,74.0,157,-0.031022855228361033,0.047429684496591934
pre_btw_Z,high,5,78.0,95,-0.053051607807376375,0.06896955133039653
pre_btw_Z,low,0,45.0,130,-0.05279841671029084,0.057171746129898296
pre_btw_Z,low,1,59.0,121,0.019352626697611376,0.07279615072315795
pre_btw_Z,low,2,65.0,149,0.16163258189819146,0.05993720478765955
pre_btw_Z,low,3,69.0,110,0.1324340103782235,0.0802229079593535
pre_btw_Z,low,4,74.0,133,0.06899863189837767,0.07070911177069236
pre_btw_Z,low,5,78.0,103,0.14134296510213634,0.0835239826768744
trailing,high,0,45.0,114,-0.0738265154271099,0.056618303750229824
trailing,high,1,59.0,116,0.011927501414428783,0.06303522156334687
trailing,high,2,65.0,93,-0.045456739862486654,0.06583816635459452
trailing,high,3,69.0,69,-0.151877321391041,0.07411209572590932
trailing,high,4,74.0,89,-0.178171309345627,0.06197448541649392
trailing,high,5,78.0,72,-0.1721503574419657,0.0748622851541172
trailing,low,0,45.0,139,-0.0697461751259153,0.049944458072338015
trailing,low,1,59.0,161,-0.07611955736370095,0.056810702676919816
trailing,low,2,65.0,173,0.04645399122188645,0.05244487578904139
trailing,low,3,69.0,137,0.15933152364256228,0.06741742629264634
trailing,low,4,74.0,201,0.10031580250443961,0.052006393822133755
trailing,low,5,78.0,126,0.17391466983841922,0.07281267242651449
margin,high,0,45.0,43,-0.1881360441131491,0.08220443021575422
margin,high,1,59.0,71,-0.10395159819102968,0.07564612202624281
margin,high,2,65.0,81,0.05225903576130461,0.07880313664410728
margin,high,3,69.0,66,0.09350461574960804,0.10842548124878673
margin,high,4,74.0,96,0.11517967855926999,0.07196503360506554
margin,high,5,78.0,66,0.1991282194885799,0.10373045779475898
margin,low,0,45.0,210,-0.04771948192536831,0.041677247790120574
margin,low,1,59.0,206,-0.016947063591839843,0.0505306710315241
margin,low,2,65.0,185,-0.002291449851300413,0.04818478255135758
margin,low,3,69.0,140,0.036982706596964815,0.05749265907003902
margin,low,4,74.0,194,-0.03479906891782663,0.05034900859968791
margin,low,5,78.0,132,-0.027454847139598382,0.0632688119261767
pre_eff_Z,high,0,45.0,131,-0.07307477553612449,0.04582169733896041
pre_eff_Z,high,1,59.0,155,-0.07243181093937175,0.052770917021856
pre_eff_Z,high,2,65.0,123,-0.12280673340413453,0.050651320698920844
pre_eff_Z,high,3,69.0,97,0.015444808782906268,0.06418979289140765
pre_eff_Z,high,4,74.0,148,-0.03178852180164328,0.052198904826353
pre_eff_Z,high,5,78.0,91,-0.044166857797268734,0.07627944953720028
pre_eff_Z,low,0,45.0,122,-0.06998479922918399,0.06013761140059124
pre_eff_Z,low,1,59.0,122,0.002912066591151696,0.06876680806480938
pre_eff_Z,low,2,65.0,143,0.13226777540478077,0.0614350397019622
pre_eff_Z,low,3,69.0,109,0.09037373496428718,0.08047780026071748
pre_eff_Z,low,4,74.0,142,0.0634572605512307,0.06463921862096275
pre_eff_Z,low,5,78.0,107,0.12651968900346489,0.07774347988221668
pre_dens_Z,high,0,45.0,123,-0.04886895490189964,0.04832962823376523
pre_dens_Z,high,1,59.0,154,-0.05133777081206093,0.05295247595054498
pre_dens_Z,high,2,65.0,125,-0.10034676728558234,0.050522963725645714
pre_dens_Z,high,3,69.0,98,-0.006469799722119049,0.06389388730272016
pre_dens_Z,high,4,74.0,144,0.0012363165185743869,0.0526401406491659
pre_dens_Z,high,5,78.0,96,-0.01905818089973683,0.07875062168460684
pre_dens_Z,low,0,45.0,130,-0.09307738190968537,0.05672995575578554
pre_dens_Z,low,1,59.0,123,-0.024110909483127885,0.06856709777819722
pre_dens_Z,low,2,65.0,141,0.11597453606292833,0.0623646414183959
pre_dens_Z,low,3,69.0,108,0.11095299940571181,0.08076741043616972
pre_dens_Z,low,4,74.0,146,0.02827534378737563,0.06391418264357501
pre_dens_Z,low,5,78.0,102,0.1112549806881767,0.07646791352499076
n_subs,high,0,45.0,18,-0.07910533025407249,0.09403964035475035
n_subs,high,1,59.0,30,0.12735513708447851,0.10916576050134269
n_subs,high,2,65.0,23,0.09060197888995403,0.16258803653517787
n_subs,high,4,74.0,17,-0.02530024389453181,0.1716945719318608
n_subs,low,0,45.0,235,-0.07100870279412533,0.039646859957527966
n_subs,low,1,59.0,247,-0.05948304730371041,0.04542276871254509
n_subs,low,2,65.0,243,0.007099663208667307,0.042439997588421284
n_subs,low,3,69.0,198,0.06084401180041581,0.05346607870232295
n_subs,low,4,74.0,273,0.017349208490251258,0.042724501207955186
n_subs,low,5,78.0,193,0.03832746356355415,0.0558860951127317
pre_clus_Z,high,0,45.0,129,-0.04200839987215032,0.046388783924651865
pre_clus_Z,high,1,59.0,142,-0.07755835985759163,0.0523213243877715
pre_clus_Z,high,2,65.0,130,-0.07745001113043366,0.05119752666104329
pre_clus_Z,high,3,69.0,97,0.07615925975039647,0.07115919719487201
pre_clus_Z,high,4,74.0,144,-0.03315811040382683,0.05022452882767534
pre_clus_Z,high,5,78.0,103,-0.016074147355160454,0.0822482485527384
pre_clus_Z,low,0,45.0,124,-0.10235368965875295,0.05916068012550312
pre_clus_Z,low,1,59.0,135,0.0010491002095992313,0.06709206894154005
pre_clus_Z,low,2,65.0,136,0.10204092000831966,0.06320357060943396
pre_clus_Z,low,3,69.0,109,0.03634344373633714,0.0758159818373333
pre_clus_Z,low,4,74.0,146,0.06219861417659327,0.06555977960864241
pre_clus_Z,low,5,78.0,95,0.11762168254106126,0.07152490757930136
team_str,high,0,45.0,123,-0.061559146775965974,0.053478958709554325
team_str,high,1,59.0,124,-0.023288702186481488,0.05990503944353625
team_str,high,2,65.0,114,-0.035124385958824486,0.05874770905019449
team_str,high,3,69.0,106,0.06086917727800181,0.06878466532393326
team_str,high,4,74.0,142,0.03671999315760224,0.059132659623864874
team_str,high,5,78.0,84,0.19165692416023414,0.08877973714088795
team_str,low,0,45.0,130,-0.08107050805960722,0.05248920790359981
team_str,low,1,59.0,153,-0.05218208823763666,0.05933530805154703
team_str,low,2,65.0,152,0.05140291890448084,0.05697050411674364
team_str,low,3,69.0,100,0.04896750771581014,0.07928538535349668
team_str,low,4,74.0,148,-0.006135197680729493,0.05810388607803917
team_str,low,5,78.0,114,-0.0577259558389507,0.06806383048592955
batch_seq,high,3,69.0,26,-0.09705397847710946,0.10025769848761112
batch_seq,high,4,74.0,65,-0.10210859905575843,0.08104685114671055
batch_seq,high,5,78.0,87,-0.03444051143264016,0.08089890077978414
batch_seq,low,0,45.0,253,-0.07158474743554447,0.03739269671483707
batch_seq,low,1,59.0,275,-0.03719056902232107,0.04256229957229289
batch_seq,low,2,65.0,254,0.012470027101896463,0.042522103787769855
batch_seq,low,3,69.0,180,0.07706826113030028,0.05780963788421772
batch_seq,low,4,74.0,225,0.04863683871224822,0.047792893548457796
batch_seq,low,5,78.0,111,0.1127454698960269,0.07441540413141859
abs_margin,high,0,45.0,51,-0.2102509790041785,0.07931567199259053
abs_margin,high,1,59.0,59,-0.05102188571879403,0.09007190310135711
abs_margin,high,2,65.0,62,-0.0443396855147328,0.08883723503356088
abs_margin,high,3,69.0,57,-0.053822598815565226,0.07764624894702456
abs_margin,high,4,74.0,84,-0.0682558170866106,0.07061112896448149
abs_margin,high,5,78.0,50,0.1638103491381414,0.10315881207147824
abs_margin,low,0,45.0,202,-0.03657495629692898,0.04207393071131565
abs_margin,low,1,59.0,218,-0.03606131795446453,0.04797834905533317
abs_margin,low,2,65.0,204,0.03214766752984574,0.04644080130477777
abs_margin,low,3,69.0,149,0.096756857017023,0.06553886814643774
abs_margin,low,4,74.0,206,0.048736497120906996,0.050574354369506525
abs_margin,low,5,78.0,148,0.008972332479136622,0.06455683533547235
ent_mean,high,0,45.0,134,-0.11525861053764398,0.04664501617363353
ent_mean,high,1,59.0,139,-0.08061822039336149,0.05800343685281493
ent_mean,high,2,65.0,139,0.00749661684553313,0.054126240222156105
ent_mean,high,3,69.0,101,0.12686374923988275,0.07458416229974908
ent_mean,high,4,74.0,141,0.059520105593499587,0.05409708623417618
ent_mean,high,5,78.0,91,-0.002381382254742518,0.08003064541575804
ent_mean,low,0,45.0,119,-0.022405775539062703,0.05956733078821836
ent_mean,low,1,59.0,138,0.002422275820254602,0.06156317459747397
ent_mean,low,2,65.0,127,0.021787668760992064,0.06286054693070238
ent_mean,low,3,69.0,105,-0.01394623914456141,0.07268724625215646
ent_mean,low,4,74.0,149,-0.027423524275516028,0.0621856923849853
ent_mean,low,5,78.0,107,0.09098250886916685,0.07555907025321892
pre_eff_P,high,0,45.0,148,-0.0849127041638793,0.04193313360429025
pre_eff_P,high,1,59.0,171,-0.0192823984875606,0.05116722659441231
pre_eff_P,high,2,65.0,135,-0.05030199955901486,0.05205939664441707
pre_eff_P,high,3,69.0,88,0.020980770108050308,0.06915106432303737
pre_eff_P,high,4,74.0,121,-0.020995279016783643,0.05493268138901583
pre_eff_P,high,5,78.0,82,-0.02344366562732157,0.07805238105890219
pre_eff_P,low,0,45.0,105,-0.052798675094653476,0.06822292172379593
pre_eff_P,low,1,59.0,106,-0.07145630594442691,0.07365552088557593
pre_eff_P,low,2,65.0,131,0.0809147604171153,0.06377684091499326
pre_eff_P,low,3,69.0,118,0.08053030333509135,0.07521823579481454
pre_eff_P,low,4,74.0,169,0.040512772382617586,0.059202079692817905
pre_eff_P,low,5,78.0,116,0.09862761418327287,0.07570665664005133
pre_lam_P,high,0,45.0,141,-0.06883991249497222,0.04738344086871676
pre_lam_P,high,1,59.0,167,-0.05870142184094007,0.05189483212536307
pre_lam_P,high,2,65.0,140,-0.03821574521651003,0.05173682220512528
pre_lam_P,high,3,69.0,89,-0.022287499435762685,0.06894378568827803
pre_lam_P,high,4,74.0,129,-0.04577756868545483,0.055998054649832
pre_lam_P,high,5,78.0,79,0.060032236678618005,0.08161112994496172
pre_lam_P,low,0,45.0,112,-0.07504029856608638,0.06004479869426619
pre_lam_P,low,1,59.0,110,-0.00971382840041023,0.07182308813470374
pre_lam_P,low,2,65.0,126,0.07269260321021034,0.06499664870886256
pre_lam_P,low,3,69.0,117,0.11395274369941953,0.07519227168716673
pre_lam_P,low,4,74.0,161,0.06342569026121257,0.05942299875327445
pre_lam_P,low,5,78.0,119,0.04013341148074338,0.07384790526631486
pre_vers_P,high,0,45.0,157,-0.10943208539364957,0.04982193278345169
pre_vers_P,high,1,59.0,154,-0.01453885510228201,0.06091327879998072
pre_vers_P,high,2,65.0,150,0.08310781873487928,0.058644866328452804
pre_vers_P,high,3,69.0,93,0.006629083780326846,0.08759369190550514
pre_vers_P,high,4,74.0,121,-0.0018760866916453396,0.06614254938703351
pre_vers_P,high,5,78.0,70,0.14948723269837955,0.09295910553241679
pre_vers_P,low,0,45.0,96,-0.009688580149893468,0.05516838607504762
pre_vers_P,low,1,59.0,123,-0.07018434866447713,0.05716128134084527
pre_vers_P,low,2,65.0,116,-0.07463025117290338,0.05540299827187124
pre_vers_P,low,3,69.0,113,0.0949768032874231,0.062130500573500294
pre_vers_P,low,4,74.0,169,0.0268238832030807,0.05308605756264208
pre_vers_P,low,5,78.0,128,-0.007388153320838142,0.06782741419198991
leading,high,0,45.0,43,-0.1881360441131491,0.08220443021575422
leading,high,1,59.0,71,-0.10395159819102968,0.07564612202624281
leading,high,2,65.0,81,0.05225903576130461,0.07880313664410728
leading,high,3,69.0,66,0.09350461574960804,0.10842548124878673
leading,high,4,74.0,96,0.11517967855926999,0.07196503360506554
leading,high,5,78.0,66,0.1991282194885799,0.10373045779475898
leading,low,0,45.0,210,-0.04771948192536831,0.041677247790120574
leading,low,1,59.0,206,-0.016947063591839843,0.0505306710315241
leading,low,2,65.0,185,-0.002291449851300413,0.04818478255135758
leading,low,3,69.0,140,0.036982706596964815,0.05749265907003902
leading,low,4,74.0,194,-0.03479906891782663,0.05034900859968791
leading,low,5,78.0,132,-0.027454847139598382,0.0632688119261767
pre_dens_P,high,0,45.0,147,-0.0777800615174597,0.04284580818681899
pre_dens_P,high,1,59.0,171,-0.039409549089029744,0.05028374020785859
pre_dens_P,high,2,65.0,134,-0.07381199077984366,0.050949760349442666
pre_dens_P,high,3,69.0,88,0.034818096253388504,0.06975258867438275
pre_dens_P,high,4,74.0,125,-0.016549113874333186,0.054807132110827814
pre_dens_P,high,5,78.0,79,0.0019203719315516476,0.07928992707916023
pre_dens_P,low,0,45.0,106,-0.06299313262383188,0.06684515561470852
pre_dens_P,low,1,59.0,106,-0.0389870346911135,0.07533419760478295
pre_dens_P,low,2,65.0,132,0.10378689726268293,0.06411376172950327
pre_dens_P,low,3,69.0,118,0.07021094146399168,0.07496547712826492
pre_dens_P,low,4,74.0,165,0.03863556973286789,0.05981531724405062
pre_dens_P,low,5,78.0,119,0.07871187631282947,0.07482517937013658
pre_lam_Z,high,0,45.0,132,-0.03353021166086443,0.04903645553420738
pre_lam_Z,high,1,59.0,148,-0.07894388400821124,0.05279681140537118
pre_lam_Z,high,2,65.0,127,-0.09205448527895896,0.05607564201937934
pre_lam_Z,high,3,69.0,102,0.08951691921847406,0.07319918264820563
pre_lam_Z,high,4,74.0,150,-0.022232871036498493,0.04992435996052879
pre_lam_Z,high,5,78.0,86,0.03287891139713828,0.07747547108983822
pre_lam_Z,low,0,45.0,121,-0.1130987864624682,0.05699362917589172
pre_lam_Z,low,1,59.0,129,0.006294854742117416,0.06762957732465572
pre_lam_Z,low,2,65.0,139,0.11151067125613584,0.05882329501394313
pre_lam_Z,low,3,69.0,104,0.021328440411200498,0.07450440481547907
pre_lam_Z,low,4,74.0,140,0.054579717336473765,0.06703978621338713
pre_lam_Z,low,5,78.0,112,0.05973960967558391,0.0770083284221709
pre_btw_P,high,0,45.0,155,-0.08448037996289015,0.04782926952781724
pre_btw_P,high,1,59.0,170,-0.07584750512136784,0.05297692799095666
pre_btw_P,high,2,65.0,148,-0.01724143136548768,0.05679111783342569
pre_btw_P,high,3,69.0,87,0.1061768176825675,0.0773634153168916
pre_btw_P,high,4,74.0,118,-0.05068285782519402,0.06430015078038516
pre_btw_P,high,5,78.0,63,-0.005187649952444265,0.08293713258916431
pre_btw_P,low,0,45.0,98,-0.051188593948416135,0.0602191358117837
pre_btw_P,low,1,59.0,107,0.0189010962537422,0.06991806839255141
pre_btw_P,low,2,65.0,118,0.05390504674802774,0.059538958582670866
pre_btw_P,low,3,69.0,119,0.01774370104761207,0.07046681562041718
pre_btw_P,low,4,74.0,172,0.05980701741281658,0.0539660601670978
pre_btw_P,low,5,78.0,135,0.07292773785795019,0.07073353163089356
minute,high,3,69.0,206,0.05509166778179228,0.05216145080256857
minute,high,4,74.0,290,0.014849068178039842,0.041392226004334724
minute,high,5,78.0,198,0.04807284173646106,0.0549172281940845
minute,low,0,45.0,253,-0.07158474743554447,0.03739269671483707
minute,low,1,59.0,277,-0.039247864878996806,0.04228033225440422
minute,low,2,65.0,266,0.014319788248778576,0.04116359319245955
t_remain,high,0,45.0,253,-0.07158474743554447,0.03739269671483707
t_remain,high,1,59.0,277,-0.039247864878996806,0.04228033225440422
t_remain,high,2,65.0,210,0.03599657134805717,0.045573461391282204
t_remain,low,2,65.0,56,-0.06696814837351626,0.0950316983482004
t_remain,low,3,69.0,206,0.05509166778179228,0.05216145080256857
t_remain,low,4,74.0,290,0.014849068178039842,0.041392226004334724
t_remain,low,5,78.0,198,0.04807284173646106,0.0549172281940845
pre_vers_Z,high,0,45.0,132,0.0306863014323014,0.04859638621016033
pre_vers_Z,high,1,59.0,138,-0.046922014183476454,0.05821072195427353
pre_vers_Z,high,2,65.0,133,0.007115046106111545,0.05786578183458086
pre_vers_Z,high,3,69.0,93,0.10189409574998712,0.08617566063820711
pre_vers_Z,high,4,74.0,146,0.0477765976301699,0.05877739273266484
pre_vers_Z,high,5,78.0,103,0.09250965155267617,0.07611372496261574
pre_vers_Z,low,0,45.0,121,-0.18315316438228543,0.05592990066261991
pre_vers_Z,low,1,59.0,139,-0.0316289252817436,0.06151591245701091
pre_vers_Z,low,2,65.0,133,0.02152453039144558,0.058772474644243636
pre_vers_Z,low,3,69.0,113,0.016572855383189408,0.06347363034227518
pre_vers_Z,low,4,74.0,144,-0.01853578807203646,0.05836101619202482
pre_vers_Z,low,5,78.0,95,-0.00010601522217213707,0.07943668541148333
ent_max,high,0,45.0,124,-0.1406517723288722,0.04600082812701677
ent_max,high,1,59.0,148,-0.017927101880768844,0.05691710912445201
ent_max,high,2,65.0,145,-0.009785770600883505,0.05647161053999567
ent_max,high,3,69.0,100,0.11483928135300685,0.07137821151701013
ent_max,high,4,74.0,142,-0.010776481046134816,0.05329227364109138
ent_max,high,5,78.0,86,-0.04804498761710399,0.0775839448452908
ent_max,low,0,45.0,129,-0.005194739010950419,0.058085381164166075
ent_max,low,1,59.0,129,-0.06370889529556842,0.06324332622499279
ent_max,low,2,65.0,121,0.043206614969447985,0.06022726495040156
ent_max,low,3,69.0,106,-0.001274005398598838,0.07569227952312811
ent_max,low,4,74.0,148,0.03943574378501823,0.06307180846288028
ent_max,low,5,78.0,112,0.12187760356151996,0.0762248840673953
opp_str,high,0,45.0,119,-0.05455322539110352,0.05592280038325477
opp_str,high,1,59.0,135,0.07465395541556208,0.06599622553043501
opp_str,high,2,65.0,135,0.013193656093163454,0.05854678081756452
opp_str,high,3,69.0,103,0.03739998336870931,0.07987623468863357
opp_str,high,4,74.0,146,-0.014698470275302748,0.05754984653375217
opp_str,high,5,78.0,103,-0.01777874711748107,0.07420383086468284
opp_str,low,0,45.0,134,-0.08670975581829429,0.050341087821063474
opp_str,low,1,59.0,142,-0.14753480670833097,0.052153721451083435
opp_str,low,2,65.0,131,0.015480306119068955,0.05807302582657509
opp_str,low,3,69.0,103,0.07278335219487525,0.06745566775818154
opp_str,low,4,74.0,144,0.04480698910990108,0.059630769205587374
opp_str,low,5,78.0,95,0.11946982754652466,0.08118600649535167
v_mean,high,0,45.0,134,-0.07298119406903109,0.05094862645810703
v_mean,high,1,59.0,139,-0.10181944310822268,0.0601518144940553
v_mean,high,2,65.0,127,-0.02707190206312878,0.059804758461831954
v_mean,high,3,69.0,92,0.02658495355541145,0.07168474017671853
v_mean,high,4,74.0,154,-0.001934881768054067,0.05395426991799555
v_mean,high,5,78.0,91,0.012149693704429752,0.08293374236808637
v_mean,low,0,45.0,119,-0.0700122781171646,0.05526172752247327
v_mean,low,1,59.0,138,0.02377713058377419,0.05916042063564566
v_mean,low,2,65.0,139,0.052138095224406114,0.056756916224929385
v_mean,low,3,69.0,114,0.07809708628027505,0.07462777800588535
v_mean,low,4,74.0,136,0.03385442326405793,0.06387541809873021
v_mean,low,5,78.0,107,0.07862430408145962,0.07339062649291715
preA_att_P,high,0,45.0,133,-0.0608797684005114,0.051553547623918686
preA_att_P,high,1,59.0,162,-0.12076181005174795,0.056508095353039876
preA_att_P,high,2,65.0,132,-0.007973944109475306,0.05265929973586803
preA_att_P,high,3,69.0,100,0.03417374479041298,0.07862455271183885
preA_att_P,high,4,74.0,125,0.08046174628066677,0.061952266967951
preA_att_P,high,5,78.0,88,0.060465034809009506,0.08548513567206145
preA_att_P,low,0,45.0,120,-0.08344943253270615,0.05452404407472587
preA_att_P,low,1,59.0,115,0.07558047527740049,0.06224306131278114
preA_att_P,low,2,65.0,134,0.03628077833302862,0.06327757023556033
preA_att_P,low,3,69.0,106,0.07482555739630105,0.06940579774148017
preA_att_P,low,4,74.0,165,-0.03485750614213207,0.05543517025520744
preA_att_P,low,5,78.0,110,0.038159087278422286,0.07171562025702456
preA_rnd_P,high,0,45.0,131,-0.07209840612149364,0.048067412714765195
preA_rnd_P,high,1,59.0,155,-0.0693910043134455,0.05287957351357871
preA_rnd_P,high,2,65.0,117,-0.004526804789570311,0.05463307757068284
preA_rnd_P,high,3,69.0,102,0.036033735129584445,0.0724081640506247
preA_rnd_P,high,4,74.0,142,0.017227846530809027,0.055919685646993546
preA_rnd_P,high,5,78.0,98,-0.01151627629251635,0.07905731645687337
preA_rnd_P,low,0,45.0,122,-0.07103319589571383,0.05808033961744925
preA_rnd_P,low,1,59.0,122,-0.0009512533024431213,0.06866514574900608
preA_rnd_P,low,2,65.0,149,0.0291187908359384,0.05979954836879912
preA_rnd_P,low,3,69.0,104,0.07378310172914994,0.07534704848677876
preA_rnd_P,low,4,74.0,148,0.012566726785518052,0.061010689802868334
preA_rnd_P,low,5,78.0,100,0.10647017740485891,0.07623475077805192
out_pr,high,0,45.0,131,-0.10894615786777108,0.05006036315484655
out_pr,high,1,59.0,138,-0.08757610579884788,0.06157492091570498
out_pr,high,2,65.0,134,0.02372731780368772,0.058077686585073285
out_pr,high,3,69.0,102,0.052806557814687405,0.0752981033862003
out_pr,high,4,74.0,134,0.001180526331382512,0.06542986224167756
out_pr,high,5,78.0,99,-0.03134277144303646,0.07138498154783912
out_pr,low,0,45.0,122,-0.03146716738126838,0.055875153313590685
out_pr,low,1,59.0,139,0.008732690854380503,0.05791702899715361
out_pr,low,2,65.0,132,0.0047697203672798704,0.05856215097540103
out_pr,low,3,69.0,104,0.05733283332645281,0.07261821768712291
out_pr,low,4,74.0,156,0.02658999514888653,0.05273705073887898
out_pr,low,5,78.0,99,0.12748845491595856,0.08307003205942114
is_home,high,0,45.0,113,-0.08368657633159983,0.04920765590886913
is_home,high,1,59.0,141,0.012342822147216,0.05883359133209643
is_home,high,2,65.0,134,0.01227852645581619,0.06143620707164988
is_home,high,3,69.0,103,0.06275290841286942,0.0723825869381286
is_home,high,4,74.0,146,-0.040259902770020825,0.05399017477601872
is_home,high,5,78.0,101,-0.03381893543532769,0.07823573952867362
is_home,low,0,45.0,140,-0.0618168426837284,0.05481420317759366
is_home,low,1,59.0,136,-0.09273526833999686,0.060667755262317116
is_home,low,2,65.0,132,0.01639197825072523,0.05492859026310145
is_home,low,3,69.0,103,0.047430427150715104,0.07547335546237494
is_home,low,4,74.0,144,0.07072344150037911,0.06271459865535683
is_home,low,5,78.0,97,0.13334159941017926,0.07645726482886497
v_max,high,0,45.0,126,-0.11418199621339405,0.055108796352449044
v_max,high,1,59.0,150,-0.10705702684794237,0.06122973652059598
v_max,high,2,65.0,128,0.04437353532407658,0.05877966641967074
v_max,high,3,69.0,105,0.06672773659481339,0.06896228096121225
v_max,high,4,74.0,144,0.0007587604544335837,0.05595752542555749
v_max,high,5,78.0,84,0.08343513169188291,0.08542882258655987
v_max,low,0,45.0,127,-0.029322910065394527,0.05052939998481824
v_max,low,1,59.0,127,0.04084169650164758,0.05665957265296835
v_max,low,2,65.0,138,-0.013556151067439882,0.057750162529626815
v_max,low,3,69.0,101,0.042994764560334645,0.07893963647939652
v_max,low,4,74.0,146,0.028746357987624066,0.0611098998564102
v_max,low,5,78.0,114,0.022016417558781788,0.07188848753264425
str_diff,high,0,45.0,121,-0.08051064851685748,0.05389063446083558
str_diff,high,1,59.0,134,-0.09251140106982121,0.05597050501299979
str_diff,high,2,65.0,128,0.018149661083428303,0.05865184350779383
str_diff,high,3,69.0,111,0.10067353217240992,0.06557221775002842
str_diff,high,4,74.0,145,0.06698868620116467,0.061207278354834714
str_diff,high,5,78.0,92,0.169771742081154,0.0836125741808421
str_diff,low,0,45.0,132,-0.06340267144434089,0.05211080516084726
str_diff,low,1,59.0,143,0.01066342078233516,0.06280654015111523
str_diff,low,2,65.0,138,0.010767442431132436,0.05796191428598673
str_diff,low,3,69.0,95,0.001832857809596903,0.08325709827657136
str_diff,low,4,74.0,145,-0.03729054984508499,0.05561450471542163
str_diff,low,5,78.0,106,-0.05755261894006492,0.07128893181117128
opp_sub,low,0,45.0,253,-0.07158474743554447,0.03739269671483707
opp_sub,low,1,59.0,277,-0.039247864878996806,0.04228033225440422
opp_sub,low,2,65.0,266,0.014319788248778576,0.04116359319245955
opp_sub,low,3,69.0,206,0.05509166778179228,0.05216145080256857
opp_sub,low,4,74.0,290,0.014849068178039842,0.041392226004334724
opp_sub,low,5,78.0,198,0.04807284173646106,0.0549172281940845
out_deg,high,0,45.0,138,-0.11199356159924544,0.04757105415898683
out_deg,high,1,59.0,124,0.00611228812262245,0.06852367491717973
out_deg,high,2,65.0,134,0.029243871315581316,0.05654978524673968
out_deg,high,3,69.0,107,0.13790928965075863,0.07697511217753644
out_deg,high,4,74.0,129,-0.05532895842864841,0.06353905099531021
out_deg,high,5,78.0,105,0.02969164823681159,0.07083675642233342
out_deg,low,0,45.0,115,-0.023094170439103334,0.05914751675242226
out_deg,low,1,59.0,153,-0.07601034182148564,0.05270056215569145
out_deg,low,2,65.0,132,-0.0008304172887333327,0.060066104835559825
out_deg,low,3,69.0,99,-0.034418287167494614,0.06898397365182872
out_deg,low,4,74.0,161,0.07107866713619376,0.05424032577945245
out_deg,low,5,78.0,93,0.06882580213929111,0.08565116655341619
preA_att_Z,high,0,45.0,125,-0.11979154778550147,0.05806459695553004
preA_att_Z,high,1,59.0,131,-0.02742207403989811,0.05915303389659609
preA_att_Z,high,2,65.0,132,0.09454421522502046,0.0640651818797031
preA_att_Z,high,3,69.0,101,0.0723790337664226,0.08246267865059728
preA_att_Z,high,4,74.0,147,0.03327708062323464,0.06213091636313682
preA_att_Z,high,5,78.0,109,0.09372222479829334,0.07504701897852593
preA_att_Z,low,0,45.0,128,-0.024507793968789625,0.04726276058237945
preA_att_Z,low,1,59.0,146,-0.04985867720722918,0.06032642506276279
preA_att_Z,low,2,65.0,134,-0.06470725922035525,0.05123455332395269
preA_att_Z,low,3,69.0,105,0.03846286812038593,0.06501615628594683
preA_att_Z,low,4,74.0,143,-0.0040944131467408095,0.054648535873745185
preA_att_Z,low,5,78.0,89,-0.00783482965387287,0.0805626866095049
preA_rnd_Z,high,0,45.0,120,-0.07685981276725316,0.0604728557140089
preA_rnd_Z,high,1,59.0,121,0.022604871143249217,0.07130608480461709
preA_rnd_Z,high,2,65.0,145,0.10766315358545564,0.06010573244475932
preA_rnd_Z,high,3,69.0,108,0.04649557339075443,0.0791242082115979
preA_rnd_Z,high,4,74.0,142,0.0749060362754729,0.06655472354419184
preA_rnd_Z,high,5,78.0,109,0.16011978980131036,0.08055526297679436
preA_rnd_Z,low,0,45.0,133,-0.06682528999340127,0.04585625366742324
preA_rnd_Z,low,1,59.0,156,-0.08722338448599533,0.05064426447062744
preA_rnd_Z,low,2,65.0,121,-0.09753796360095841,0.05328768558267724
preA_rnd_Z,low,3,69.0,98,0.0645649146617115,0.06689230742264818
preA_rnd_Z,low,4,74.0,148,-0.0427731579694973,0.04977490810278669
preA_rnd_Z,low,5,78.0,89,-0.0891531957811633,0.06984185487269115
pre_clus_P,high,0,45.0,152,-0.09612034429807004,0.045435191932201004
pre_clus_P,high,1,59.0,156,-0.003958912937633872,0.05258319119419132
pre_clus_P,high,2,65.0,132,0.0197152091021752,0.05509853656795521
pre_clus_P,high,3,69.0,104,0.024922764832725555,0.06055738801867432
pre_clus_P,high,4,74.0,120,0.02026772230046807,0.06117493411521095
pre_clus_P,high,5,78.0,81,0.04017439627409698,0.08781161357168149
pre_clus_P,low,0,45.0,101,-0.03465988879095159,0.06412718758137963
pre_clus_P,low,1,59.0,121,-0.0847443649025722,0.06911751096559436
pre_clus_P,low,2,65.0,134,0.009004896064835611,0.06128539825244619
pre_clus_P,low,3,69.0,102,0.08585211784750733,0.08556566211489332
pre_clus_P,low,4,74.0,170,0.011024135856325777,0.056015124791467016
pre_clus_P,low,5,78.0,117,0.05354099628732847,0.07060808098683721
out_btw,high,0,45.0,137,-0.08696642779298501,0.050183249087596096
out_btw,high,1,59.0,133,0.005931163788577894,0.06611424841086458
out_btw,high,2,65.0,134,-0.01031123026257895,0.05408549091570198
out_btw,high,3,69.0,106,0.16014455123727406,0.07470962235369599
out_btw,high,4,74.0,131,-0.012547822257539629,0.05939735436542016
out_btw,high,5,78.0,97,0.06401805784803448,0.08041982629319745
out_btw,low,0,45.0,116,-0.053418452530636276,0.05621212119986886
out_btw,low,1,59.0,144,-0.0809757177455762,0.053711549699811505
out_btw,low,2,65.0,132,0.03932400401030815,0.06231320343405274
out_btw,low,3,69.0,100,-0.056264388681018435,0.07132784755603279
out_btw,low,4,74.0,159,0.03742134897716506,0.05759389101278096
out_btw,low,5,78.0,101,0.03275911933227667,0.07536444452109652
