block,timing,lam,snr,snr_sd,n_seeds,N_boot,value,lo95,hi95,note
curve_47replay,strategic,0.0,1.0153748351921434,,,,,,,
curve_47replay,strategic,0.02,1.042392151288172,,,,,,,
curve_47replay,strategic,0.04,1.0772272889544572,,,,,,,
curve_47replay,strategic,0.06,1.2392837658695983,,,,,,,
curve_47replay,strategic,0.08,1.2735583296862683,,,,,,,
curve_47replay,strategic,0.1,1.4449207086554325,,,,,,,
curve_47replay,strategic,0.12,1.7613759949539844,,,,,,,
curve_47replay,strategic,0.14,1.7874553902403438,,,,,,,
curve_47replay,strategic,0.16,1.8868707983793842,,,,,,,
curve_47replay,strategic,0.18,1.981893464200852,,,,,,,
curve_47replay,strategic,0.2,2.151752241321175,,,,,,,
curve_47replay,strategic,0.22,2.3480964553798436,,,,,,,
curve_47replay,strategic,0.24,2.698048652613306,,,,,,,
curve_47replay,regular,0.0,0.9790695455185788,,,,,,,
curve_47replay,regular,0.02,0.9643389949776039,,,,,,,
curve_47replay,regular,0.04,1.0378344057384277,,,,,,,
curve_47replay,regular,0.06,1.0946486668624207,,,,,,,
curve_47replay,regular,0.08,1.3285832688441186,,,,,,,
curve_47replay,regular,0.1,1.3243416687762979,,,,,,,
curve_47replay,regular,0.12,1.450057805634788,,,,,,,
curve_47replay,regular,0.14,1.522802897346033,,,,,,,
curve_47replay,regular,0.16,1.610447916616222,,,,,,,
curve_47replay,regular,0.18,1.7867095110695608,,,,,,,
curve_47replay,regular,0.2,1.7241112734396367,,,,,,,
curve_47replay,regular,0.22,1.9852460189759773,,,,,,,
curve_47replay,regular,0.24,2.342250912072966,,,,,,,
curve_47replay,late,0.0,0.9318716467541523,,,,,,,
curve_47replay,late,0.02,0.9652006861172898,,,,,,,
curve_47replay,late,0.04,1.1105704308160298,,,,,,,
curve_47replay,late,0.06,0.9339098619728917,,,,,,,
curve_47replay,late,0.08,1.1819247891323137,,,,,,,
curve_47replay,late,0.1,1.1572630980972003,,,,,,,
curve_47replay,late,0.12,1.2229879462959148,,,,,,,
curve_47replay,late,0.14,1.38442905659993,,,,,,,
curve_47replay,late,0.16,1.2745963511266132,,,,,,,
curve_47replay,late,0.18,1.431705142913768,,,,,,,
curve_47replay,late,0.2,1.4772282725079025,,,,,,,
curve_47replay,late,0.22,1.7282964992636776,,,,,,,
curve_47replay,late,0.24,1.8748247830041054,,,,,,,
inversion_old_replay,strategic,,1.05,,,,0.0244,,,previous=0.0244; match=True
inversion_old_replay,regular,,1.57,,,,0.1508,,,previous=0.1508; match=True
inversion_old_replay,late,,1.64,,,,0.213,,,previous=0.213; match=True
curve_multiseed,strategic,0.0,0.9901,0.057,24.0,251.0,,,,
curve_multiseed,strategic,0.005,1.0012,0.0497,24.0,251.0,,,,
curve_multiseed,strategic,0.01,1.0004,0.0501,24.0,251.0,,,,
curve_multiseed,strategic,0.015,1.018,0.0532,24.0,251.0,,,,
curve_multiseed,strategic,0.02,1.024,0.06,24.0,251.0,,,,
curve_multiseed,strategic,0.025,1.0379,0.0779,24.0,251.0,,,,
curve_multiseed,strategic,0.03,1.0557,0.0815,24.0,251.0,,,,
curve_multiseed,strategic,0.035,1.1063,0.066,24.0,251.0,,,,
curve_multiseed,strategic,0.04,1.118,0.0725,24.0,251.0,,,,
curve_multiseed,strategic,0.045,1.1073,0.0855,24.0,251.0,,,,
curve_multiseed,strategic,0.05,1.1388,0.0633,24.0,251.0,,,,
curve_multiseed,strategic,0.055,1.1894,0.0901,24.0,251.0,,,,
curve_multiseed,strategic,0.06,1.2006,0.0834,24.0,251.0,,,,
curve_multiseed,strategic,0.065,1.2341,0.1387,24.0,251.0,,,,
curve_multiseed,strategic,0.07,1.2694,0.1358,24.0,251.0,,,,
curve_multiseed,strategic,0.075,1.3213,0.1255,24.0,251.0,,,,
curve_multiseed,strategic,0.08,1.3065,0.1249,24.0,251.0,,,,
curve_multiseed,strategic,0.085,1.377,0.1663,24.0,251.0,,,,
curve_multiseed,strategic,0.09,1.3856,0.1385,24.0,251.0,,,,
curve_multiseed,strategic,0.095,1.4358,0.1529,24.0,251.0,,,,
curve_multiseed,strategic,0.1,1.4853,0.1851,24.0,251.0,,,,
curve_multiseed,strategic,0.105,1.5378,0.1927,24.0,251.0,,,,
curve_multiseed,strategic,0.11,1.6178,0.2359,24.0,251.0,,,,
curve_multiseed,strategic,0.115,1.5951,0.1475,24.0,251.0,,,,
curve_multiseed,strategic,0.12,1.6374,0.2149,24.0,251.0,,,,
curve_multiseed,strategic,0.125,1.6899,0.2383,24.0,251.0,,,,
curve_multiseed,strategic,0.13,1.7287,0.2468,24.0,251.0,,,,
curve_multiseed,strategic,0.135,1.7532,0.254,24.0,251.0,,,,
curve_multiseed,strategic,0.14,1.8467,0.2265,24.0,251.0,,,,
curve_multiseed,strategic,0.145,1.858,0.2505,24.0,251.0,,,,
curve_multiseed,strategic,0.15,1.8813,0.2481,24.0,251.0,,,,
curve_multiseed,strategic,0.155,1.9408,0.2383,24.0,251.0,,,,
curve_multiseed,strategic,0.16,2.0449,0.2633,24.0,251.0,,,,
curve_multiseed,strategic,0.165,2.0215,0.2649,24.0,251.0,,,,
curve_multiseed,strategic,0.17,2.0706,0.2882,24.0,251.0,,,,
curve_multiseed,strategic,0.175,2.1193,0.3543,24.0,251.0,,,,
curve_multiseed,strategic,0.18,2.1906,0.2819,24.0,251.0,,,,
curve_multiseed,strategic,0.185,2.2111,0.3362,24.0,251.0,,,,
curve_multiseed,strategic,0.19,2.2793,0.327,24.0,251.0,,,,
curve_multiseed,strategic,0.195,2.3087,0.369,24.0,251.0,,,,
curve_multiseed,strategic,0.2,2.365,0.315,24.0,251.0,,,,
curve_multiseed,strategic,0.205,2.3765,0.3683,24.0,251.0,,,,
curve_multiseed,strategic,0.21,2.4659,0.3171,24.0,251.0,,,,
curve_multiseed,strategic,0.215,2.4564,0.3787,24.0,251.0,,,,
curve_multiseed,strategic,0.22,2.5297,0.3545,24.0,251.0,,,,
curve_multiseed,strategic,0.225,2.6035,0.4137,24.0,251.0,,,,
curve_multiseed,strategic,0.23,2.6058,0.3996,24.0,251.0,,,,
curve_multiseed,strategic,0.235,2.7288,0.417,24.0,251.0,,,,
curve_multiseed,strategic,0.24,2.7364,0.3892,24.0,251.0,,,,
curve_multiseed,strategic,0.245,2.771,0.39,24.0,251.0,,,,
curve_multiseed,strategic,0.25,2.8007,0.4001,24.0,251.0,,,,
curve_multiseed,strategic,0.255,2.8728,0.4232,24.0,251.0,,,,
curve_multiseed,strategic,0.26,2.8779,0.4297,24.0,251.0,,,,
curve_multiseed,strategic,0.265,2.9671,0.4301,24.0,251.0,,,,
curve_multiseed,strategic,0.27,2.9427,0.4836,24.0,251.0,,,,
curve_multiseed,strategic,0.275,3.0674,0.4373,24.0,251.0,,,,
curve_multiseed,strategic,0.28,3.0978,0.4274,24.0,251.0,,,,
curve_multiseed,strategic,0.285,3.0928,0.4736,24.0,251.0,,,,
curve_multiseed,strategic,0.29,3.1538,0.4734,24.0,251.0,,,,
curve_multiseed,strategic,0.295,3.2195,0.4836,24.0,251.0,,,,
curve_multiseed,strategic,0.3,3.2516,0.4604,24.0,251.0,,,,
curve_multiseed,regular,0.0,1.003,0.0383,24.0,251.0,,,,
curve_multiseed,regular,0.005,0.9832,0.0344,24.0,251.0,,,,
curve_multiseed,regular,0.01,0.9977,0.0352,24.0,251.0,,,,
curve_multiseed,regular,0.015,1.0017,0.0441,24.0,251.0,,,,
curve_multiseed,regular,0.02,1.0133,0.0441,24.0,251.0,,,,
curve_multiseed,regular,0.025,1.0322,0.0435,24.0,251.0,,,,
curve_multiseed,regular,0.03,1.0502,0.0475,24.0,251.0,,,,
curve_multiseed,regular,0.035,1.0653,0.0535,24.0,251.0,,,,
curve_multiseed,regular,0.04,1.0913,0.0617,24.0,251.0,,,,
curve_multiseed,regular,0.045,1.1032,0.0703,24.0,251.0,,,,
curve_multiseed,regular,0.05,1.161,0.0574,24.0,251.0,,,,
curve_multiseed,regular,0.055,1.1686,0.0688,24.0,251.0,,,,
curve_multiseed,regular,0.06,1.2018,0.0829,24.0,251.0,,,,
curve_multiseed,regular,0.065,1.232,0.0939,24.0,251.0,,,,
curve_multiseed,regular,0.07,1.2692,0.1109,24.0,251.0,,,,
curve_multiseed,regular,0.075,1.305,0.1389,24.0,251.0,,,,
curve_multiseed,regular,0.08,1.3226,0.1158,24.0,251.0,,,,
curve_multiseed,regular,0.085,1.3758,0.139,24.0,251.0,,,,
curve_multiseed,regular,0.09,1.4453,0.1534,24.0,251.0,,,,
curve_multiseed,regular,0.095,1.4476,0.1776,24.0,251.0,,,,
curve_multiseed,regular,0.1,1.5042,0.1777,24.0,251.0,,,,
curve_multiseed,regular,0.105,1.5556,0.1842,24.0,251.0,,,,
curve_multiseed,regular,0.11,1.5774,0.2045,24.0,251.0,,,,
curve_multiseed,regular,0.115,1.6025,0.1939,24.0,251.0,,,,
curve_multiseed,regular,0.12,1.6846,0.215,24.0,251.0,,,,
curve_multiseed,regular,0.125,1.7104,0.2133,24.0,251.0,,,,
curve_multiseed,regular,0.13,1.7271,0.1921,24.0,251.0,,,,
curve_multiseed,regular,0.135,1.794,0.2386,24.0,251.0,,,,
curve_multiseed,regular,0.14,1.8252,0.2415,24.0,251.0,,,,
curve_multiseed,regular,0.145,1.8917,0.266,24.0,251.0,,,,
curve_multiseed,regular,0.15,1.9149,0.2367,24.0,251.0,,,,
curve_multiseed,regular,0.155,1.9643,0.2679,24.0,251.0,,,,
curve_multiseed,regular,0.16,1.9891,0.2964,24.0,251.0,,,,
curve_multiseed,regular,0.165,2.0749,0.3203,24.0,251.0,,,,
curve_multiseed,regular,0.17,2.0788,0.2758,24.0,251.0,,,,
curve_multiseed,regular,0.175,2.1419,0.3155,24.0,251.0,,,,
curve_multiseed,regular,0.18,2.1948,0.3129,24.0,251.0,,,,
curve_multiseed,regular,0.185,2.2481,0.3306,24.0,251.0,,,,
curve_multiseed,regular,0.19,2.2977,0.3685,24.0,251.0,,,,
curve_multiseed,regular,0.195,2.341,0.3837,24.0,251.0,,,,
curve_multiseed,regular,0.2,2.3793,0.34,24.0,251.0,,,,
curve_multiseed,regular,0.205,2.4527,0.3507,24.0,251.0,,,,
curve_multiseed,regular,0.21,2.5166,0.3797,24.0,251.0,,,,
curve_multiseed,regular,0.215,2.534,0.3852,24.0,251.0,,,,
curve_multiseed,regular,0.22,2.5585,0.3834,24.0,251.0,,,,
curve_multiseed,regular,0.225,2.6075,0.4401,24.0,251.0,,,,
curve_multiseed,regular,0.23,2.6616,0.4226,24.0,251.0,,,,
curve_multiseed,regular,0.235,2.6868,0.4459,24.0,251.0,,,,
curve_multiseed,regular,0.24,2.7576,0.4516,24.0,251.0,,,,
curve_multiseed,regular,0.245,2.83,0.4423,24.0,251.0,,,,
curve_multiseed,regular,0.25,2.8259,0.4422,24.0,251.0,,,,
curve_multiseed,regular,0.255,2.9198,0.4941,24.0,251.0,,,,
curve_multiseed,regular,0.26,2.9615,0.4581,24.0,251.0,,,,
curve_multiseed,regular,0.265,2.9929,0.4386,24.0,251.0,,,,
curve_multiseed,regular,0.27,3.0691,0.4865,24.0,251.0,,,,
curve_multiseed,regular,0.275,3.0921,0.4775,24.0,251.0,,,,
curve_multiseed,regular,0.28,3.1257,0.5213,24.0,251.0,,,,
curve_multiseed,regular,0.285,3.1525,0.5535,24.0,251.0,,,,
curve_multiseed,regular,0.29,3.2116,0.5126,24.0,251.0,,,,
curve_multiseed,regular,0.295,3.2672,0.5008,24.0,251.0,,,,
curve_multiseed,regular,0.3,3.3114,0.5467,24.0,251.0,,,,
curve_multiseed,late,0.0,1.009,0.0714,24.0,251.0,,,,
curve_multiseed,late,0.005,0.9978,0.0748,24.0,251.0,,,,
curve_multiseed,late,0.01,1.0174,0.0783,24.0,251.0,,,,
curve_multiseed,late,0.015,0.9823,0.0739,24.0,251.0,,,,
curve_multiseed,late,0.02,1.0104,0.0855,24.0,251.0,,,,
curve_multiseed,late,0.025,1.0446,0.0715,24.0,251.0,,,,
curve_multiseed,late,0.03,1.0462,0.0896,24.0,251.0,,,,
curve_multiseed,late,0.035,1.0369,0.1053,24.0,251.0,,,,
curve_multiseed,late,0.04,1.0833,0.1158,24.0,251.0,,,,
curve_multiseed,late,0.045,1.0656,0.0868,24.0,251.0,,,,
curve_multiseed,late,0.05,1.085,0.0947,24.0,251.0,,,,
curve_multiseed,late,0.055,1.1182,0.0915,24.0,251.0,,,,
curve_multiseed,late,0.06,1.1454,0.0979,24.0,251.0,,,,
curve_multiseed,late,0.065,1.1507,0.1469,24.0,251.0,,,,
curve_multiseed,late,0.07,1.2021,0.1279,24.0,251.0,,,,
curve_multiseed,late,0.075,1.1876,0.1156,24.0,251.0,,,,
curve_multiseed,late,0.08,1.2013,0.131,24.0,251.0,,,,
curve_multiseed,late,0.085,1.2347,0.1619,24.0,251.0,,,,
curve_multiseed,late,0.09,1.2641,0.1403,24.0,251.0,,,,
curve_multiseed,late,0.095,1.3335,0.1339,24.0,251.0,,,,
curve_multiseed,late,0.1,1.3167,0.1526,24.0,251.0,,,,
curve_multiseed,late,0.105,1.3479,0.1449,24.0,251.0,,,,
curve_multiseed,late,0.11,1.398,0.1556,24.0,251.0,,,,
curve_multiseed,late,0.115,1.3947,0.1739,24.0,251.0,,,,
curve_multiseed,late,0.12,1.4592,0.1861,24.0,251.0,,,,
curve_multiseed,late,0.125,1.4708,0.1865,24.0,251.0,,,,
curve_multiseed,late,0.13,1.5075,0.162,24.0,251.0,,,,
curve_multiseed,late,0.135,1.5214,0.1767,24.0,251.0,,,,
curve_multiseed,late,0.14,1.5619,0.2056,24.0,251.0,,,,
curve_multiseed,late,0.145,1.5919,0.2002,24.0,251.0,,,,
curve_multiseed,late,0.15,1.6313,0.1837,24.0,251.0,,,,
curve_multiseed,late,0.155,1.665,0.2314,24.0,251.0,,,,
curve_multiseed,late,0.16,1.7451,0.1727,24.0,251.0,,,,
curve_multiseed,late,0.165,1.7444,0.185,24.0,251.0,,,,
curve_multiseed,late,0.17,1.7828,0.3154,24.0,251.0,,,,
curve_multiseed,late,0.175,1.7601,0.3026,24.0,251.0,,,,
curve_multiseed,late,0.18,1.8664,0.2857,24.0,251.0,,,,
curve_multiseed,late,0.185,1.8965,0.2841,24.0,251.0,,,,
curve_multiseed,late,0.19,1.9006,0.2214,24.0,251.0,,,,
curve_multiseed,late,0.195,1.9398,0.3212,24.0,251.0,,,,
curve_multiseed,late,0.2,2.0307,0.3553,24.0,251.0,,,,
curve_multiseed,late,0.205,2.0079,0.36,24.0,251.0,,,,
curve_multiseed,late,0.21,2.1034,0.3391,24.0,251.0,,,,
curve_multiseed,late,0.215,2.109,0.3407,24.0,251.0,,,,
curve_multiseed,late,0.22,2.1387,0.361,24.0,251.0,,,,
curve_multiseed,late,0.225,2.1578,0.2748,24.0,251.0,,,,
curve_multiseed,late,0.23,2.2635,0.3458,24.0,251.0,,,,
curve_multiseed,late,0.235,2.2217,0.3395,24.0,251.0,,,,
curve_multiseed,late,0.24,2.274,0.3305,24.0,251.0,,,,
curve_multiseed,late,0.245,2.2944,0.2986,24.0,251.0,,,,
curve_multiseed,late,0.25,2.3613,0.3729,24.0,251.0,,,,
curve_multiseed,late,0.255,2.3868,0.342,24.0,251.0,,,,
curve_multiseed,late,0.26,2.3722,0.3182,24.0,251.0,,,,
curve_multiseed,late,0.265,2.4341,0.3373,24.0,251.0,,,,
curve_multiseed,late,0.27,2.4932,0.3711,24.0,251.0,,,,
curve_multiseed,late,0.275,2.5178,0.4117,24.0,251.0,,,,
curve_multiseed,late,0.28,2.5626,0.3902,24.0,251.0,,,,
curve_multiseed,late,0.285,2.566,0.374,24.0,251.0,,,,
curve_multiseed,late,0.29,2.6094,0.3232,24.0,251.0,,,,
curve_multiseed,late,0.295,2.6752,0.421,24.0,251.0,,,,
curve_multiseed,late,0.3,2.6518,0.449,24.0,251.0,,,,
obs_target_boot,strategic,,1.1196,0.0463,,,1.0522,1.0428,1.2135,B=200; batch-level resample; N_boot=73
obs_target_boot,regular,,1.6425,0.0968,,,1.561,1.4615,1.8276,B=200; batch-level resample; N_boot=73
obs_target_boot,late,,1.7686,0.1916,,,1.5944,1.4531,2.1917,B=200; batch-level resample; N_boot=73
inversion_new,strategic,,1.052,,,,0.0255,0.0197,0.086,MC D=4000; P(lam=0)=0.001; censored>0.30=0.000
inversion_new,regular,,1.561,,,,0.1487,0.0806,0.173,MC D=4000; P(lam=0)=0.000; censored>0.30=0.000
inversion_new,late,,1.594,,,,0.2093,0.1062,0.2599,MC D=4000; P(lam=0)=0.000; censored>0.30=0.004
ratio_late_over_early,late/strategic,,,4.089,,,8.203,1.728,9.984,median in snr_sd col; P(ratio=inf)=0.001; lower bound => 'at least 1.7x'
curve_N73_early,strategic,0.0,0.9971,0.0245,24.0,73.0,,,,
curve_N73_early,strategic,0.005,1.0013,0.0245,24.0,73.0,,,,
curve_N73_early,strategic,0.01,0.9997,0.0161,24.0,73.0,,,,
curve_N73_early,strategic,0.015,1.0145,0.0193,24.0,73.0,,,,
curve_N73_early,strategic,0.02,1.0067,0.0274,24.0,73.0,,,,
curve_N73_early,strategic,0.025,1.0112,0.0316,24.0,73.0,,,,
curve_N73_early,strategic,0.03,1.0259,0.0314,24.0,73.0,,,,
curve_N73_early,strategic,0.035,1.023,0.0354,24.0,73.0,,,,
curve_N73_early,strategic,0.04,1.0256,0.0324,24.0,73.0,,,,
curve_N73_early,strategic,0.045,1.0362,0.0415,24.0,73.0,,,,
curve_N73_early,strategic,0.05,1.0559,0.0278,24.0,73.0,,,,
curve_N73_early,strategic,0.055,1.065,0.0344,24.0,73.0,,,,
curve_N73_early,strategic,0.06,1.0553,0.0362,24.0,73.0,,,,
curve_N73_early,strategic,0.065,1.0914,0.0441,24.0,73.0,,,,
curve_N73_early,strategic,0.07,1.0839,0.0401,24.0,73.0,,,,
curve_N73_early,strategic,0.075,1.0944,0.0436,24.0,73.0,,,,
curve_N73_early,strategic,0.08,1.1167,0.0509,24.0,73.0,,,,
curve_N73_early,strategic,0.085,1.1444,0.0595,24.0,73.0,,,,
curve_N73_early,strategic,0.09,1.1526,0.0543,24.0,73.0,,,,
curve_N73_early,strategic,0.095,1.1645,0.0489,24.0,73.0,,,,
curve_N73_early,strategic,0.1,1.1975,0.0798,24.0,73.0,,,,
curve_N73_early,strategic,0.105,1.2035,0.0694,24.0,73.0,,,,
curve_N73_early,strategic,0.11,1.212,0.0673,24.0,73.0,,,,
curve_N73_early,strategic,0.115,1.2355,0.0615,24.0,73.0,,,,
curve_N73_early,strategic,0.12,1.2538,0.0877,24.0,73.0,,,,
curve_N73_early,strategic,0.125,1.2819,0.098,24.0,73.0,,,,
curve_N73_early,strategic,0.13,1.2856,0.1103,24.0,73.0,,,,
curve_N73_early,strategic,0.135,1.3156,0.0888,24.0,73.0,,,,
curve_N73_early,strategic,0.14,1.3351,0.1027,24.0,73.0,,,,
curve_N73_early,strategic,0.145,1.362,0.127,24.0,73.0,,,,
curve_N73_early,strategic,0.15,1.3629,0.1005,24.0,73.0,,,,
curve_N73_early,strategic,0.155,1.4131,0.135,24.0,73.0,,,,
curve_N73_early,strategic,0.16,1.4072,0.1263,24.0,73.0,,,,
curve_N73_early,strategic,0.165,1.4342,0.1255,24.0,73.0,,,,
curve_N73_early,strategic,0.17,1.4564,0.1437,24.0,73.0,,,,
curve_N73_early,strategic,0.175,1.4794,0.1304,24.0,73.0,,,,
curve_N73_early,strategic,0.18,1.496,0.1218,24.0,73.0,,,,
curve_N73_early,strategic,0.185,1.5128,0.1176,24.0,73.0,,,,
curve_N73_early,strategic,0.19,1.535,0.1418,24.0,73.0,,,,
curve_N73_early,strategic,0.195,1.6007,0.1756,24.0,73.0,,,,
curve_N73_early,strategic,0.2,1.5887,0.1601,24.0,73.0,,,,
curve_N73_early,strategic,0.205,1.6058,0.1602,24.0,73.0,,,,
curve_N73_early,strategic,0.21,1.641,0.1734,24.0,73.0,,,,
curve_N73_early,strategic,0.215,1.6771,0.2039,24.0,73.0,,,,
curve_N73_early,strategic,0.22,1.6833,0.1815,24.0,73.0,,,,
curve_N73_early,strategic,0.225,1.7078,0.2182,24.0,73.0,,,,
curve_N73_early,strategic,0.23,1.7502,0.194,24.0,73.0,,,,
curve_N73_early,strategic,0.235,1.7159,0.1941,24.0,73.0,,,,
curve_N73_early,strategic,0.24,1.7618,0.2039,24.0,73.0,,,,
curve_N73_early,strategic,0.245,1.7934,0.2209,24.0,73.0,,,,
curve_N73_early,strategic,0.25,1.826,0.2078,24.0,73.0,,,,
curve_N73_early,strategic,0.255,1.8394,0.1997,24.0,73.0,,,,
curve_N73_early,strategic,0.26,1.866,0.1852,24.0,73.0,,,,
curve_N73_early,strategic,0.265,1.9213,0.2257,24.0,73.0,,,,
curve_N73_early,strategic,0.27,1.9211,0.2237,24.0,73.0,,,,
curve_N73_early,strategic,0.275,1.9397,0.2169,24.0,73.0,,,,
curve_N73_early,strategic,0.28,1.9689,0.2055,24.0,73.0,,,,
curve_N73_early,strategic,0.285,1.9823,0.2235,24.0,73.0,,,,
curve_N73_early,strategic,0.29,2.0215,0.2231,24.0,73.0,,,,
curve_N73_early,strategic,0.295,2.0094,0.258,24.0,73.0,,,,
curve_N73_early,strategic,0.3,2.0268,0.2557,24.0,73.0,,,,
early_equiv_bound,strategic,,1.052,,,,0.049,,,lam50: mean-curve crossing; N_boot=73
early_equiv_bound,strategic,,1.052,,,,0.0933,,,"lam97.5: (mean-1.96SD) crossing, normal approx; empirical(>=1/24 seeds)=0.105"
