family,k,x_expected,lo,med,hi
main,1,0.017408019974707787,0.000906105110070652,0.02500017276944426,0.14026726691100533
main,2,0.05224518037594049,0.0077794686856270875,0.05975550589909652,0.21125295698671812
main,3,0.08714588195686,0.019969930641077122,0.09463512752948364,0.27763409191705785
main,4,0.12215308890255226,0.03553126848567664,0.12966727612640888,0.3378589270044937
main,5,0.1573106846101707,0.05298888464069878,0.16545428136503215,0.3957441841658949
main,6,0.1926638682197272,0.07227312465608068,0.20087291871705654,0.45408241648606207
main,7,0.22825958147594064,0.09202632167366573,0.23639427261966878,0.509843777040209
main,8,0.2641469768259235,0.11306177172885677,0.27212975876305356,0.5641905597434921
main,9,0.30037793955496395,0.13454584241555273,0.3077765015390499,0.6193655619515395
main,10,0.33700767935320236,0.15714375561520205,0.34396488243598866,0.676269672486101
main,11,0.37409541019772363,0.17946689554496442,0.3811453433159818,0.7297062579964134
main,12,0.41170514212382237,0.20427046472467686,0.4182409791451156,0.7851555111843244
main,13,0.4499066147692282,0.2286691935409208,0.4555767012070021,0.8448038935175353
main,14,0.4887764111146695,0.2540042831036501,0.4933890604153458,0.8989608849377981
main,15,0.5283993014986544,0.28053368188185973,0.5317550078132012,0.9545382437765175
main,16,0.5688698840577776,0.30849650162277564,0.5707082440364875,1.0109535467400865
main,17,0.6102946101863326,0.3359472511593723,0.6102803047010881,1.0688538804716285
main,18,0.6527943153857513,0.36459216372803477,0.6512927537303004,1.1281630363378854
main,19,0.6965074215790178,0.39438577060347485,0.6928719070825156,1.1891938741018038
main,20,0.7415940438615162,0.4262681331005177,0.7356225935520131,1.2536665004319518
main,21,0.7882413344974836,0.45802296007289106,0.7799839260729409,1.3178546356164247
main,22,0.8366705492413726,0.4910440407408296,0.825902754036522,1.3842744926388022
main,23,0.8871465590188761,0.5252374440376186,0.8735469675856868,1.4547980976775328
main,24,0.9399909121894655,0.5621653581791255,0.9232655310687456,1.5253759619306348
main,25,0.9956001858419566,0.6004646584926902,0.9752729707702488,1.6047023785515702
main,26,1.0544724517700532,0.6415924875546344,1.0297245963420782,1.6792336360518185
main,27,1.1172466278630777,0.6852540007029584,1.0880558996751009,1.758384675375192
main,28,1.1847631375478964,0.731892752903657,1.1509001297754657,1.8441233492012985
main,29,1.2581615610630963,0.7828428239573221,1.2181608973519116,1.9336938409349538
main,30,1.3390464383709664,0.837343900534007,1.2917028350347737,2.033860568448914
main,31,1.4297883359455212,0.8981950162571137,1.3752068531956114,2.1428271755341513
main,32,1.5341205443525463,0.9636404802826741,1.4701265254158482,2.2661807775185454
main,33,1.658472061035627,1.0422239830301903,1.5801676399981566,2.409899255369609
main,34,1.8155173349526696,1.1334516364359013,1.718311956924223,2.6006100659806255
main,35,2.03683413170139,1.2531539366237963,1.9061082136164584,2.9071167938927367
main,36,2.460124337560004,1.433488673854078,2.1980264674053602,3.3280477517562677
interaction,1,0.017408019974707787,0.0009021204395678454,0.025096173396604454,0.141653346652416
interaction,2,0.05224518037594049,0.007615811998870603,0.05993653761931125,0.2160584049570858
interaction,3,0.08714588195686,0.019728184514326487,0.09492631816863295,0.2797097035621679
interaction,4,0.12215308890255226,0.035055310320659186,0.13005103482538766,0.3405791851321949
interaction,5,0.1573106846101707,0.0525262712984628,0.16521036491896893,0.4001531892257186
interaction,6,0.1926638682197272,0.07148344115451707,0.2005885092545852,0.45581251961644603
interaction,7,0.22825958147594064,0.09132758305903936,0.23616015145907143,0.5125405839720576
interaction,8,0.2641469768259235,0.11226805384131805,0.27174560140875437,0.5687956804552904
interaction,9,0.30037793955496395,0.13409357713683426,0.30752822216471626,0.6222218940783925
interaction,10,0.33700767935320236,0.15525279731610267,0.3436766519192895,0.6793776715029014
interaction,11,0.37409541019772363,0.1788105495151032,0.3803140325640322,0.7347518668719035
interaction,12,0.41170514212382237,0.2027020304168941,0.41732652339537424,0.7932764938228718
interaction,13,0.4499066147692282,0.22787232862133913,0.45410179239734516,0.8481328218968696
interaction,14,0.4887764111146695,0.251651572651824,0.49245189929330024,0.905012895199822
interaction,15,0.5283993014986544,0.2787538671666347,0.5309440242305689,0.9601853867593622
interaction,16,0.5688698840577776,0.30529233351553053,0.5701829815575219,1.01888159968289
interaction,17,0.6102946101863326,0.33327537784145117,0.609812419263065,1.0787904138868556
interaction,18,0.6527943153857513,0.36101321320471264,0.6502810278429085,1.1382269695846032
interaction,19,0.6965074215790178,0.3902194088620769,0.6927330154912438,1.2007557103227224
interaction,20,0.7415940438615162,0.42117766051036437,0.7355295317847286,1.263146982401923
interaction,21,0.7882413344974836,0.45348304407522244,0.779788500963501,1.3255443704689143
interaction,22,0.8366705492413726,0.4879600260325866,0.8257240089544389,1.3908478262641597
interaction,23,0.8871465590188761,0.5227058459726355,0.8726818530147513,1.4608885874947115
interaction,24,0.9399909121894655,0.5601111624778711,0.9225491711557403,1.5310692361611011
interaction,25,0.9956001858419566,0.5968383541584806,0.9736449329700496,1.6070270297355338
interaction,26,1.0544724517700532,0.6359880234423964,1.0286852450492212,1.6824892821363793
interaction,27,1.1172466278630777,0.6780540975558657,1.0858881413612034,1.7614930939091067
interaction,28,1.1847631375478964,0.7263085355864473,1.1487668843730103,1.8462525679622142
interaction,29,1.2581615610630963,0.7741274839520962,1.2164758742513497,1.9361472328525353
interaction,30,1.3390464383709664,0.8284639449151363,1.2903960514940676,2.0333236898965183
interaction,31,1.4297883359455212,0.8892321345134453,1.3730559798513355,2.140579485102879
interaction,32,1.5341205443525463,0.9564240478805959,1.4671648869611207,2.2642927106660338
interaction,33,1.658472061035627,1.034556116723025,1.5770118056646503,2.4098066650946093
interaction,34,1.8155173349526696,1.1282479595366632,1.7147048684773876,2.606062407431594
interaction,35,2.03683413170139,1.2471049923451902,1.8980631918276318,2.8950621677892503
interaction,36,2.460124337560004,1.4255793439642483,2.1921978974494905,3.3172516732721093
