block,item,group,metric,value
P1_pred_vs_obs,W15_6x4,early,snr_obs_mean,1.0467579506581282
P1_pred_vs_obs,W15_6x4,early,snr_pred_mean,1.0467579506581282
P1_pred_vs_obs,W15_6x4,early,n_obs_lt_pred,
P1_pred_vs_obs,W15_6x4,early,n_comps,10.0
P1_pred_vs_obs,W15_6x4,early,retention_obs_median,1.0
P1_pred_vs_obs,W15_6x4,early,retention_pred,1.0
P1_pred_vs_obs,W15_6x4,early,n_retention_comps,10.0
P1_pred_vs_obs,W15_6x4,early,power_loss_gap_factor,
P1_pred_vs_obs,W15_6x4,early,n_inflation_vs_W15_mean,1.0
P1_pred_vs_obs,W15_6x4,mid,snr_obs_mean,1.463448087470772
P1_pred_vs_obs,W15_6x4,mid,snr_pred_mean,1.463448087470772
P1_pred_vs_obs,W15_6x4,mid,n_obs_lt_pred,
P1_pred_vs_obs,W15_6x4,mid,n_comps,10.0
P1_pred_vs_obs,W15_6x4,mid,retention_obs_median,1.0
P1_pred_vs_obs,W15_6x4,mid,retention_pred,1.0
P1_pred_vs_obs,W15_6x4,mid,n_retention_comps,10.0
P1_pred_vs_obs,W15_6x4,mid,power_loss_gap_factor,
P1_pred_vs_obs,W15_6x4,mid,n_inflation_vs_W15_mean,1.0
P1_pred_vs_obs,W15_6x4,late,snr_obs_mean,1.428198844758402
P1_pred_vs_obs,W15_6x4,late,snr_pred_mean,1.428198844758402
P1_pred_vs_obs,W15_6x4,late,n_obs_lt_pred,
P1_pred_vs_obs,W15_6x4,late,n_comps,10.0
P1_pred_vs_obs,W15_6x4,late,retention_obs_median,1.0
P1_pred_vs_obs,W15_6x4,late,retention_pred,1.0
P1_pred_vs_obs,W15_6x4,late,n_retention_comps,10.0
P1_pred_vs_obs,W15_6x4,late,power_loss_gap_factor,
P1_pred_vs_obs,W15_6x4,late,n_inflation_vs_W15_mean,1.0
P1_pred_vs_obs,W15_6x4,all,rho_density_P,0.892499
P1_pred_vs_obs,W15_6x4,all,rho_density_Z,0.927177
P1_pred_vs_obs,W12_6x4,early,snr_obs_mean,1.0715999999999999
P1_pred_vs_obs,W12_6x4,early,snr_pred_mean,1.0903932586092722
P1_pred_vs_obs,W12_6x4,early,n_obs_lt_pred,7.0
P1_pred_vs_obs,W12_6x4,early,n_comps,10.0
P1_pred_vs_obs,W12_6x4,early,retention_obs_median,0.19767786324940118
P1_pred_vs_obs,W12_6x4,early,retention_pred,0.8
P1_pred_vs_obs,W12_6x4,early,n_retention_comps,3.0
P1_pred_vs_obs,W12_6x4,early,power_loss_gap_factor,4.011610683752995
P1_pred_vs_obs,W12_6x4,early,n_inflation_vs_W15_mean,1.0206160450890192
P1_pred_vs_obs,W12_6x4,mid,snr_obs_mean,1.2929
P1_pred_vs_obs,W12_6x4,mid,snr_pred_mean,1.6494652935504655
P1_pred_vs_obs,W12_6x4,mid,n_obs_lt_pred,10.0
P1_pred_vs_obs,W12_6x4,mid,n_comps,10.0
P1_pred_vs_obs,W12_6x4,mid,retention_obs_median,0.361371107662356
P1_pred_vs_obs,W12_6x4,mid,retention_pred,0.8
P1_pred_vs_obs,W12_6x4,mid,n_retention_comps,7.0
P1_pred_vs_obs,W12_6x4,mid,power_loss_gap_factor,3.1931444616882207
P1_pred_vs_obs,W12_6x4,mid,n_inflation_vs_W15_mean,1.1622788721267896
P1_pred_vs_obs,W12_6x4,late,snr_obs_mean,1.2939
P1_pred_vs_obs,W12_6x4,late,snr_pred_mean,1.609749164557868
P1_pred_vs_obs,W12_6x4,late,n_obs_lt_pred,9.0
P1_pred_vs_obs,W12_6x4,late,n_comps,10.0
P1_pred_vs_obs,W12_6x4,late,retention_obs_median,0.3173641587765835
P1_pred_vs_obs,W12_6x4,late,retention_pred,0.8
P1_pred_vs_obs,W12_6x4,late,n_retention_comps,8.0
P1_pred_vs_obs,W12_6x4,late,power_loss_gap_factor,3.413179206117083
P1_pred_vs_obs,W12_6x4,late,n_inflation_vs_W15_mean,2.0933266004411286
P1_pred_vs_obs,W12_6x4,all,rho_density_P,0.797095
P1_pred_vs_obs,W12_6x4,all,rho_density_Z,0.876862
P1_pred_vs_obs,W10_6x4,early,snr_obs_mean,1.09592769056021
P1_pred_vs_obs,W10_6x4,early,snr_pred_mean,1.0826434557152163
P1_pred_vs_obs,W10_6x4,early,n_obs_lt_pred,7.0
P1_pred_vs_obs,W10_6x4,early,n_comps,10.0
P1_pred_vs_obs,W10_6x4,early,retention_obs_median,0.23288449805251155
P1_pred_vs_obs,W10_6x4,early,retention_pred,0.6666666666666666
P1_pred_vs_obs,W10_6x4,early,n_retention_comps,3.0
P1_pred_vs_obs,W10_6x4,early,power_loss_gap_factor,2.301346505842465
P1_pred_vs_obs,W10_6x4,early,n_inflation_vs_W15_mean,1.0198408512905697
P1_pred_vs_obs,W10_6x4,mid,snr_obs_mean,1.1220671843408199
P1_pred_vs_obs,W10_6x4,mid,snr_pred_mean,1.6087069367501061
P1_pred_vs_obs,W10_6x4,mid,n_obs_lt_pred,8.0
P1_pred_vs_obs,W10_6x4,mid,n_comps,10.0
P1_pred_vs_obs,W10_6x4,mid,retention_obs_median,0.1361590559774698
P1_pred_vs_obs,W10_6x4,mid,retention_pred,0.6666666666666666
P1_pred_vs_obs,W10_6x4,mid,n_retention_comps,7.0
P1_pred_vs_obs,W10_6x4,mid,power_loss_gap_factor,2.5915228320675903
P1_pred_vs_obs,W10_6x4,mid,n_inflation_vs_W15_mean,1.1589987323694388
P1_pred_vs_obs,W10_6x4,late,snr_obs_mean,1.1444122219806778
P1_pred_vs_obs,W10_6x4,late,snr_pred_mean,1.566411818765528
P1_pred_vs_obs,W10_6x4,late,n_obs_lt_pred,10.0
P1_pred_vs_obs,W10_6x4,late,n_comps,10.0
P1_pred_vs_obs,W10_6x4,late,retention_obs_median,0.2142466939943047
P1_pred_vs_obs,W10_6x4,late,retention_pred,0.6666666666666666
P1_pred_vs_obs,W10_6x4,late,n_retention_comps,8.0
P1_pred_vs_obs,W10_6x4,late,power_loss_gap_factor,2.3572599180170855
P1_pred_vs_obs,W10_6x4,late,n_inflation_vs_W15_mean,2.5881099207026383
P1_pred_vs_obs,W10_6x4,all,rho_density_P,0.691557
P1_pred_vs_obs,W10_6x4,all,rho_density_Z,0.814817
P1_pred_vs_obs,W12_6x4,all,sign_mid_gt_early_pred,10.0
P1_pred_vs_obs,W12_6x4,all,sign_late_gt_early_pred,10.0
P1_pred_vs_obs,W12_6x4,all,sign_mid_gt_early_obs,9.0
P1_pred_vs_obs,W12_6x4,all,sign_late_gt_early_obs,10.0
P1_pred_vs_obs,W10_6x4,all,sign_mid_gt_early_pred,10.0
P1_pred_vs_obs,W10_6x4,all,sign_late_gt_early_pred,10.0
P1_pred_vs_obs,W10_6x4,all,sign_mid_gt_early_obs,7.0
P1_pred_vs_obs,W10_6x4,all,sign_late_gt_early_obs,6.0
P2_wsl_m,WSL,W10,n_batches,530.0
P2_wsl_m,WSL,W10,m_median,20.0
P2_wsl_m,WSL,W10,m_p25,12.75
P2_wsl_m,WSL,W10,m_p75,32.0
P2_wsl_m,WSL,W10,m_per_min_median,2.0
P2_wsl_m,WSL,W12,n_batches,510.0
P2_wsl_m,WSL,W12,m_median,24.0
P2_wsl_m,WSL,W12,m_p25,15.75
P2_wsl_m,WSL,W12,m_p75,38.0
P2_wsl_m,WSL,W12,m_per_min_median,2.0
P2_wsl_m,WSL,W15,n_batches,472.0
P2_wsl_m,WSL,W15,m_median,30.0
P2_wsl_m,WSL,W15,m_p25,20.0
P2_wsl_m,WSL,W15,m_p75,47.0
P2_wsl_m,WSL,W15,m_per_min_median,2.0
P2_wsl_m,LaLiga15_od,W10,n_batches,1670.0
P2_wsl_m,LaLiga15_od,W10,m_median,24.0
P2_wsl_m,LaLiga15_od,W10,m_p25,15.0
P2_wsl_m,LaLiga15_od,W10,m_p75,34.0
P2_wsl_m,LaLiga15_od,W10,m_per_min_median,2.4
P2_wsl_m,LaLiga15_od,W12,n_batches,1581.0
P2_wsl_m,LaLiga15_od,W12,m_median,29.0
P2_wsl_m,LaLiga15_od,W12,m_p25,19.0
P2_wsl_m,LaLiga15_od,W12,m_p75,41.0
P2_wsl_m,LaLiga15_od,W12,m_per_min_median,2.4166666666666665
P2_wsl_m,LaLiga15_od,W15,n_batches,1399.0
P2_wsl_m,LaLiga15_od,W15,m_median,37.0
P2_wsl_m,LaLiga15_od,W15,m_p25,25.0
P2_wsl_m,LaLiga15_od,W15,m_p75,51.0
P2_wsl_m,LaLiga15_od,W15,m_per_min_median,2.466666666666667
P2_wsl_m,LaLiga2324_main,W10,n_batches,1852.0
P2_wsl_m,LaLiga2324_main,W10,m_median,22.0
P2_wsl_m,LaLiga2324_main,W10,m_p25,13.0
P2_wsl_m,LaLiga2324_main,W10,m_p75,33.0
P2_wsl_m,LaLiga2324_main,W10,m_per_min_median,2.2
P2_wsl_m,LaLiga2324_main,W12,n_batches,1731.0
P2_wsl_m,LaLiga2324_main,W12,m_median,27.0
P2_wsl_m,LaLiga2324_main,W12,m_p25,16.0
P2_wsl_m,LaLiga2324_main,W12,m_p75,40.0
P2_wsl_m,LaLiga2324_main,W12,m_per_min_median,2.25
P2_wsl_m,LaLiga2324_main,W15,n_batches,1542.0
P2_wsl_m,LaLiga2324_main,W15,m_median,34.0
P2_wsl_m,LaLiga2324_main,W15,m_p25,22.0
P2_wsl_m,LaLiga2324_main,W15,m_p75,50.0
P2_wsl_m,LaLiga2324_main,W15,m_per_min_median,2.2666666666666666
P2_wsl_m,WSL,W12,noise_lift_vs_LaLiga2324_main,1.125
P2_wsl_m,WSL,W12,W_equiv_min_vs_LaLiga2324_main,10.666666666666666
P2_wsl_m,WSL,W12,noise_lift_vs_LaLiga15_od,1.2083333333333333
P2_wsl_m,WSL,W12,W_equiv_min_vs_LaLiga15_od,9.931034482758621
P2_wsl_m,WSL,W15,noise_lift_vs_LaLiga2324_main,1.1333333333333333
P2_wsl_m,WSL,W15,W_equiv_min_vs_LaLiga2324_main,13.23529411764706
P2_wsl_m,WSL,W15,noise_lift_vs_LaLiga15_od,1.2333333333333334
P2_wsl_m,WSL,W15,W_equiv_min_vs_LaLiga15_od,12.162162162162161
P2_wsl_m,WSL,W12,noise_lift_W12_vs_W15_internal,1.25
P2_wsl_m,WSL,mid,r15_baseline,0.004719930230504332
P2_wsl_m,WSL,mid,r15_rank_ascending_of10,3.0
P2_wsl_m,WSL,mid,r15_median_all_comps,0.008702450303282594
P2_wsl_m,WSL,late,r15_baseline,0.00523511896952747
P2_wsl_m,WSL,late,r15_rank_ascending_of10,3.0
P2_wsl_m,WSL,late,r15_median_all_comps,0.0230046821628955
P2_wsl_m,WSL,W15,N_equal_sample,63.0
P2_wsl_m,WSL,W12,N_equal_sample,116.0
P2_wsl_m,WSL,W10,N_equal_sample,136.0
P3_changepoint,curve,PL15,n_points,13.0
P3_changepoint,curve,PL15,point_se_median,0.21116765042164073
P3_changepoint,constant,PL15,k,1.0
P3_changepoint,constant,PL15,rss,0.0985124576761495
P3_changepoint,constant,PL15,aic,-59.4727810911121
P3_changepoint,constant,PL15,aicc,-58.272781091112094
P3_changepoint,constant,PL15,bic,-58.342882376189024
P3_changepoint,constant,PL15,delta_aicc,8.8696710688277
P3_changepoint,constant,PL15,c_hat,
P3_changepoint,step,PL15,k,3.0
P3_changepoint,step,PL15,rss,0.03115145401435701
P3_changepoint,step,PL15,aic,-70.43996828812446
P3_changepoint,step,PL15,aicc,-65.43996828812446
P3_changepoint,step,PL15,bic,-68.18017085827832
P3_changepoint,step,PL15,delta_aicc,1.702483871815332
P3_changepoint,step,PL15,c_hat,63.75
P3_changepoint,linear_ramp,PL15,k,3.0
P3_changepoint,linear_ramp,PL15,rss,0.03929063889171018
P3_changepoint,linear_ramp,PL15,aic,-67.42233844705761
P3_changepoint,linear_ramp,PL15,aicc,-62.42233844705761
P3_changepoint,linear_ramp,PL15,bic,-65.16254101721147
P3_changepoint,linear_ramp,PL15,delta_aicc,4.720113712882181
P3_changepoint,linear_ramp,PL15,c_hat,48.25
P3_changepoint,step_conv_boxcar10,PL15,k,3.0
P3_changepoint,step_conv_boxcar10,PL15,rss,0.027327694106685556
P3_changepoint,step_conv_boxcar10,PL15,aic,-72.1424521599398
P3_changepoint,step_conv_boxcar10,PL15,aicc,-67.1424521599398
P3_changepoint,step_conv_boxcar10,PL15,bic,-69.88265473009365
P3_changepoint,step_conv_boxcar10,PL15,delta_aicc,0.0
P3_changepoint,step_conv_boxcar10,PL15,c_hat,61.75
P3_changepoint,logistic,PL15,k,4.0
P3_changepoint,logistic,PL15,rss,0.024350230387274227
P3_changepoint,logistic,PL15,aic,-71.64212323111174
P3_changepoint,logistic,PL15,aicc,-63.07069465968317
P3_changepoint,logistic,PL15,bic,-68.81737644380405
P3_changepoint,logistic,PL15,delta_aicc,4.0717575002566235
P3_changepoint,logistic,PL15,c_hat,45.000000000003865
P3_changepoint,logistic,PL15,width_w,7.242926990697417
P3_changepoint,logistic,PL15,rise_10_90_min,31.825421197124452
P3_changepoint,constant,LaLiga2324,k,1.0
P3_changepoint,constant,LaLiga2324,rss,1.2031096334533513
P3_changepoint,constant,LaLiga2324,aic,-23.599965002842048
P3_changepoint,constant,LaLiga2324,aicc,-22.266631669508715
P3_changepoint,constant,LaLiga2324,bic,-22.630151703266048
P3_changepoint,constant,LaLiga2324,delta_aicc,7.018887992103526
P3_changepoint,constant,LaLiga2324,c_hat,
P3_changepoint,step,LaLiga2324,k,3.0
P3_changepoint,step,LaLiga2324,rss,0.4125846597140365
P3_changepoint,step,LaLiga2324,aic,-32.44264610059563
P3_changepoint,step,LaLiga2324,aicc,-26.728360386309916
P3_changepoint,step,LaLiga2324,bic,-30.50301950144363
P3_changepoint,step,LaLiga2324,delta_aicc,2.5571592753023253
P3_changepoint,step,LaLiga2324,c_hat,63.75
P3_changepoint,linear_ramp,LaLiga2324,k,3.0
P3_changepoint,linear_ramp,LaLiga2324,rss,0.6540170166707229
P3_changepoint,linear_ramp,LaLiga2324,aic,-26.91434269932691
P3_changepoint,linear_ramp,LaLiga2324,aicc,-21.200056985041194
P3_changepoint,linear_ramp,LaLiga2324,bic,-24.97471610017491
P3_changepoint,linear_ramp,LaLiga2324,delta_aicc,8.085462676571048
P3_changepoint,linear_ramp,LaLiga2324,c_hat,50.25
P3_changepoint,step_conv_boxcar10,LaLiga2324,k,3.0
P3_changepoint,step_conv_boxcar10,LaLiga2324,rss,0.33340061472191335
P3_changepoint,step_conv_boxcar10,LaLiga2324,aic,-34.99980537589796
P3_changepoint,step_conv_boxcar10,LaLiga2324,aicc,-29.28551966161224
P3_changepoint,step_conv_boxcar10,LaLiga2324,bic,-33.06017877674596
P3_changepoint,step_conv_boxcar10,LaLiga2324,delta_aicc,0.0
P3_changepoint,step_conv_boxcar10,LaLiga2324,c_hat,62.5
P3_changepoint,logistic,LaLiga2324,k,4.0
P3_changepoint,logistic,LaLiga2324,rss,0.33911460384359704
P3_changepoint,logistic,LaLiga2324,aic,-32.79588576902244
P3_changepoint,logistic,LaLiga2324,aicc,-22.79588576902244
P3_changepoint,logistic,LaLiga2324,bic,-30.37135252008244
P3_changepoint,logistic,LaLiga2324,delta_aicc,6.489633892589801
P3_changepoint,logistic,LaLiga2324,c_hat,63.02236214956807
P3_changepoint,logistic,LaLiga2324,width_w,1.1910952149270062
P3_changepoint,logistic,LaLiga2324,rise_10_90_min,5.233672374389266
P3_changepoint,curve,PL15,rebuild_max_dev,0.06723453978931704
P3_changepoint,bootstrap,PL15,n_reps_ok,200.0
P3_changepoint,bootstrap,PL15,pct_aicc_prefers_step_over_logistic,91.5
P3_changepoint,step,PL15_boot,c_boot_median,63.75
P3_changepoint,step,PL15_boot,c_ci_lo,53.75
P3_changepoint,step,PL15_boot,c_ci_hi,76.25
P3_changepoint,linear_ramp,PL15_boot,c_boot_median,55.0
P3_changepoint,linear_ramp,PL15_boot,c_ci_lo,45.0
P3_changepoint,linear_ramp,PL15_boot,c_ci_hi,77.5
P3_changepoint,step_conv_boxcar10,PL15_boot,c_boot_median,60.625
P3_changepoint,step_conv_boxcar10,PL15_boot,c_ci_lo,47.5
P3_changepoint,step_conv_boxcar10,PL15_boot,c_ci_hi,80.0
P3_changepoint,logistic,PL15_boot,c_boot_median,62.49495008251265
P3_changepoint,logistic,PL15_boot,c_ci_lo,45.00000000000001
P3_changepoint,logistic,PL15_boot,c_ci_hi,78.1489213898498
